StartDate,EndDate,Duration (in seconds),RecordedDate,Q258,welcome,osviq-spatial-1,osviq-verbal-1,osviq-spatial-2,osviq-verbal-2,osviq-spatial-3,osviq-object-1,osviq-spatial-4,osviq-verbal-3,osviq-verbal-4,osviq-spatial-5,osviq-object-2,osviq-object-3,osviq-object-4,osviq-spatial-6,osviq-object-5,osviq-verbal-5,osviq-spatial-7,osviq-object-6,osivq-catch-1,osviq-verbal-6,osviq-object-7,osviq-verbal-7,osviq-verbal-8,osviq-object-8,osviq-verbal-9,osviq-spatial-8,osviq-object-9,osviq-spatial-9,osviq-verbal-10,osviq-object-10,osviq-spatial-10,osviq-spatial-11,osviq-spatial-12,osviq-object-11,osviq-object-12,osviq-verbal-11,osviq-verbal-12,osivq-catch-2,osviq-verbal-13,osviq-spatial-13,osviq-verbal-14,osviq-object-13,osviq-verbal-15,osviq-spatial-14,osviq-object-14,osviq-spatial-15,osviq-object-15,vviq1,vviq2,vviq3,vviq4,vviq5,vviq6,vviq7,vviq8,vviq9,vviq10,vviq11,vviq12,vviq13,vviq14,vviq15,vviq16,irq-visual-1,irq-visual-2,irq-visual-3,irq-visual-4,irq-visual-5,irq-visual-6,irq-visual-7,irq-visual-8,irq-visual-9,irq-visual-10,irq-verbal-1,irq-verbal-2,irq-verbal-3,irq-verbal-4,irq-verbal-5,irq-verbal-6,irq-verbal-7,irq-verbal-8,irq-verbal-9,irq-verbal-10,irq-verbal-11,irq-verbal-12,irq-ortho-1,irq-ortho-2,irq-ortho-3,irq-ortho-4,irq-ortho-5,irq-ortho-6,irq-ortho-7,irq-manipulation-1,irq-manipulation-2,irq-manipulation-3,irq-manipulation-4,irq-manipulation-5,irq-manipulation-6,irq-manipulation-7,irq-manipulation-8,irq-catch-1,phenomenology,phenomenology_6_TEXT,previousParticipatio,age,gender,gender_5_TEXT,handedness,immigrationStatus,vision,vision_3_TEXT,native-language,education,feedback-task,strategy-cat,strategy-open,feedback-general
Start Date,End Date,Duration (in seconds),Recorded Date,"Welcome to the second part of the experiment! This part should take about 10 minutes to complete.



Please enter your participant ID (NOT YOUR PROLIFIC ID!) from the first part of the experiment. Otherwise, we won't be able to keep track of your participation.",Please enter your Prolific ID below.,"I was very good in 3D geometry as a student. (1 - Strongly Disagree, 5 - Strongly Agree)","I have difficulty expressing myself in writing. (1 - Strongly Disagree, 5 - Strongly Agree)","If I were asked to choose between engineering professions and visual arts, I would prefer engineering. (1 - Strongly Disagree, 5 - Strongly Agree)","My verbal abilities would make a career in language arts relatively easy for me. (1 - Strongly Disagree, 5 - Strongly Agree)","Architecture interests me more than painting. (1 - Strongly Disagree, 5 - Strongly Agree)","My mental images are very colourful and bright. (1 - Strongly Disagree, 5 - Strongly Agree)","I prefer schematic diagrams and sketches when reading a textbook instead of colourful and pictorial illustrations. (1 - Strongly Disagree, 5 - Strongly Agree)","I tell jokes and stories better than most people. (1 - Strongly Disagree, 5 - Strongly Agree)","Essay writing is difficult for me and I do not enjoy doing it at all. (1 - Strongly Disagree, 5 - Strongly Agree)","My mental images are more like schematic representations of things and events rather than like detailed pictures. (1 - Strongly Disagree, 5 - Strongly Agree)","When reading fiction, I usually form a clear and detailed mental picture of a scene or room that has been described. (1 - Strongly Disagree, 5 - Strongly Agree)","If I were asked to choose among engineering professions, or visual arts, I would choose visual arts. (1 - Strongly Disagree, 5 - Strongly Agree)","I have a photographic memory. (1 - Strongly Disagree, 5 - Strongly Agree)","I can easily imagine and mentally rotate three-dimensional geometric figures. (1 - Strongly Disagree, 5 - Strongly Agree)","I enjoy pictures with bright colours and unusual shapes like the ones in modern art. (1 - Strongly Disagree, 5 - Strongly Agree)","My verbal skills are excellent. (1 - Strongly Disagree, 5 - Strongly Agree)","When thinking about an abstract concept (or building),I imagine an abstract schematic building in my mind or its blueprint rather than a specific concrete building. (1 - Strongly Disagree, 5 - Strongly Agree)","When entering a familiar store to get a specific item, I can easily picture the exact location of the target item, the shelf it stands on, how it is arranged and the surrounding articles. (1 - Strongly Disagree, 5 - Strongly Agree)","Most people have five legs. (1 - Strongly Disagree, 5 - Strongly Agree)","Putting together furniture kits (e.g. a TV stand or a chair)is much easier for me when I have detailed verbal instructions than when I only have a diagram or picture. (1 - Strongly Disagree, 5 - Strongly Agree)","My mental images are very vivid and photographic. (1 - Strongly Disagree, 5 - Strongly Agree)","When explaining something, I would rather give verbal explanations than make drawings or sketches. (1 - Strongly Disagree, 5 - Strongly Agree)","If someone were to give me two-digit numbers to add (e.g. 43 and 32) I would simply do the adding without visualizing the numbers. (1 - Strongly Disagree, 5 - Strongly Agree)","My mental images of different objects very much resemble the size, shape and colour of actual objects that I have seen. (1 - Strongly Disagree, 5 - Strongly Agree)","I usually do not try to visualize or sketch diagrams when reading a textbook. (1 - Strongly Disagree, 5 - Strongly Agree)","I normally do not experience many spontaneous vivid images; I use my mental imagery mostly when attempting to solve some problems like the ones in mathematics. (1 - Strongly Disagree, 5 - Strongly Agree)","When I imagine the face of a friend, I have a perfectly clear and bright image. (1 - Strongly Disagree, 5 - Strongly Agree)","I have excellent abilities in technical graphics. (1 - Strongly Disagree, 5 - Strongly Agree)","When remembering a scene, I use verbal descriptions rather than mental pictures. (1 - Strongly Disagree, 5 - Strongly Agree)","I can easily remember a great deal of visual details that someone else might never notice. For example, I would just automatically take some things in, like what colour is a shirt someone wears or what colour are his/her shoes. (1 - Strongly Disagree, 5 - Strongly Agree)","I can easily sketch a blueprint for a building I am familiar with. (1 - Strongly Disagree, 5 - Strongly Agree)","In school, I had no problems with geometry. (1 - Strongly Disagree, 5 - Strongly Agree)","I am good in playing spatial games involving constructing from blocks and paper (e.g. Lego, Tetris, Origami). (1 - Strongly Disagree, 5 - Strongly Agree)","Sometimes my mental images are so vivid and persistent that it is difficult to ignore them. (1 - Strongly Disagree, 5 - Strongly Agree)","I can close my eyes and easily picture a scene that I have experienced. (1 - Strongly Disagree, 5 - Strongly Agree)","I have better than average fluency in using words. (1 - Strongly Disagree, 5 - Strongly Agree)","I would rather have a verbal description of an object or person than a picture. (1 - Strongly Disagree, 5 - Strongly Agree)","Elephants are larger than dogs. (1 - Strongly Disagree, 5 - Strongly Agree)","I am always aware of sentence structure. (1 - Strongly Disagree, 5 - Strongly Agree)","My mental images are more schematic than colourful and pictorial. (1 - Strongly Disagree, 5 - Strongly Agree)","I enjoy being able to rephrase my thoughts in many ways for variety’s sake in both writing and speaking. (1 - Strongly Disagree, 5 - Strongly Agree)","I remember everything visually. I can recount what people wore to a dinner and I can talk about the way they sat and the way they looked probably in more detail than I could discuss what they said. (1 - Strongly Disagree, 5 - Strongly Agree)","I sometimes have a problem expressing exactly what I want to say. (1 - Strongly Disagree, 5 - Strongly Agree)","I find it difficult to imagine how a three-dimensional geometric figure would exactly look like when rotated. (1 - Strongly Disagree, 5 - Strongly Agree)","My visual images are in my head all the time. They are just right there. (1 - Strongly Disagree, 5 - Strongly Agree)","My graphic abilities would make a career in architecture relatively easy for me. (1 - Strongly Disagree, 5 - Strongly Agree)","When I hear a radio announcer or a DJ I’ve never actually seen, I usually find myself picturing what he or she might look like. (1 - Strongly Disagree, 5 - Strongly Agree)","The exact contour of face, head, shoulders, and body","Characteristic poses of head, attitudes of body, etc.","The precise carriage, length of step, etc. in walking",The different colors worn in some familiar clothes,The sun is rising above the horizon into a hazy sky.,The sky clears and surrounds the sun with blueness.,"Clouds. A storm blows up, with flashes of lightening.",A rainbow appears.,The overall appearance of the shop from the opposite side of the road,"A window display including colors, shape, and details of individual items for sale","You are near the entrance. The color, shape, and details of the door",You enter the shop and go to the counter. The counter assistant serves you. Money changes hands.,The contours of the landscape,The color and shape of the trees,The color and shape of the lake,A strong wind blows on the tree and on the lake causing waves.,"I often enjoy the use of mental pictures to reminisce. (1 - Strongly Disagree, 5 - Strongly Agree)","I can close my eyes and easily picture a scene that I have experienced. (1 - Strongly Disagree, 5 - Strongly Agree)","My mental images are very vivid and photographic. (1 - Strongly Disagree, 5 - Strongly Agree)","The old saying “A picture is worth a thousand words” is certainly true for me
. (1 - Strongly Disagree, 5 - Strongly Agree)","When I think about someone I know well, I instantly see their face in my mind. (1 - Strongly Disagree, 5 - Strongly Agree)","I often use mental images or pictures to help me remember things. (1 - Strongly Disagree, 5 - Strongly Agree)","My memories are mainly visual in nature. (1 - Strongly Disagree, 5 - Strongly Agree)","When traveling to get to somewhere I tend to think more visually than verbally. (1 - Strongly Disagree, 5 - Strongly Agree)","If I talk to myself in my head it is usually accompanied by visual imagery. (1 - Strongly Disagree, 5 - Strongly Agree)","If I imagine my memories visually they are more often static than moving. (1 - Strongly Disagree, 5 - Strongly Agree)","When I think about someone I know well, I instantly hear their voice in my mind. (1 - Strongly Disagree, 5 - Strongly Agree)","I think about problems in my mind in the form of a conversation with myself. (1 - Strongly Disagree, 5 - Strongly Agree)","If I am walking somewhere by myself, I often have a silent conversation with myself. (1 - Strongly Disagree, 5 - Strongly Agree)","If I am walking somewhere by myself, I frequently think of conversations that I’ve recently had. (1 - Strongly Disagree, 5 - Strongly Agree)","My inner speech helps my imagination. (1 - Strongly Disagree, 5 - Strongly Agree)","I tend to think things through verbally when I am relaxing. (1 - Strongly Disagree, 5 - Strongly Agree)","When thinking about a social problem, I often talk it through in my head. (1 - Strongly Disagree, 5 - Strongly Agree)","I like to give myself some down time to talk through thoughts in my mind. (1 - Strongly Disagree, 5 - Strongly Agree)","I hear words in my ""mind’s ear"" when I think. (1 - Strongly Disagree, 5 - Strongly Agree)","I rarely vocalize thoughts in my mind. (1 - Strongly Disagree, 5 - Strongly Agree)","I often talk to myself internally while watching TV. (1 - Strongly Disagree, 5 - Strongly Agree)","My memories often involve conversations I’ve had. (1 - Strongly Disagree, 5 - Strongly Agree)","I find it easy to decide if words rhyme by seeing their spelling in my mind's eye. (1 - Strongly Disagree, 5 - Strongly Agree)","When I hear someone talking, I see words written down in my mind. (1 - Strongly Disagree, 5 - Strongly Agree)","I see words in my ""mind’s eye"" when I think. (1 - Strongly Disagree, 5 - Strongly Agree)","When I am introduced to someone for the first time, I imagine what their name would look like when written down. (1 - Strongly Disagree, 5 - Strongly Agree)","A strategy I use to help me remember written material is imagining what the writing looks like. (1 - Strongly Disagree, 5 - Strongly Agree)","I hear a running summary of everything I am doing in my head. (1 - Strongly Disagree, 5 - Strongly Agree)","I rehearse in my mind how someone might respond to a text message before I send it. (1 - Strongly Disagree, 5 - Strongly Agree)","I can easily imagine and mentally rotate three-dimensional geometric figures. (1 - Strongly Disagree, 5 - Strongly Agree)","I can easily choose to imagine this sentence in my mind pronounced unnaturally slowly. (1 - Strongly Disagree, 5 - Strongly Agree)","In school, I had no problems with geometry. (1 - Strongly Disagree, 5 - Strongly Agree)","It is easy for me to imagine the sensation of licking a brick. (1 - Strongly Disagree, 5 - Strongly Agree)","I find it difficult to imagine how a three-dimensional geometric figure would exactly look like when rotated. (1 - Strongly Disagree, 5 - Strongly Agree)","I can easily imagine someone clearly talking, and then imagine the same voice with a heavy cold. (1 - Strongly Disagree, 5 - Strongly Agree)","I think I have a large vocabulary in my native language compared to others. (1 - Strongly Disagree, 5 - Strongly Agree)","I can easily imagine the sound of a trumpet getting louder. (1 - Strongly Disagree, 5 - Strongly Agree)","The word ‘hotel’ has three letters. (1 - Strongly Disagree, 5 - Strongly Agree)",How do you think? - Selected Choice,How do you think? - Other - Text,Have you seen this study before?,How old are you?,What is your gender? - Selected Choice,What is your gender? - Prefer to self-describe - Text,Which is your dominant hand?,Have you ever been diagnosed with any of the following conditions? (Choose all that apply),Do you see normally (either with or without corrective lenses)? - Selected Choice,"Do you see normally (either with or without corrective lenses)? - If you answered ""no"" please explain why. - Text",Are you a native English speaker?,What is the highest degree or level of school you have completed?,What did you think the study was about?,Where you visualizing the content conveyed by sentences in the first part of the study (sentence-picture task)?,"If you answered ""No"" to the previous question, what strategy where you using?",Do you have any other feedback or thoughts about the experiment? (Optional)
"{""ImportId"":""startDate"",""timeZone"":""America/Los_Angeles""}","{""ImportId"":""endDate"",""timeZone"":""America/Los_Angeles""}","{""ImportId"":""duration""}","{""ImportId"":""recordedDate"",""timeZone"":""America/Los_Angeles""}","{""ImportId"":""QID814_TEXT""}","{""ImportId"":""QID480_TEXT""}","{""ImportId"":""QID903""}","{""ImportId"":""QID904""}","{""ImportId"":""QID905""}","{""ImportId"":""QID906""}","{""ImportId"":""QID907""}","{""ImportId"":""QID908""}","{""ImportId"":""QID909""}","{""ImportId"":""QID910""}","{""ImportId"":""QID911""}","{""ImportId"":""QID912""}","{""ImportId"":""QID913""}","{""ImportId"":""QID914""}","{""ImportId"":""QID915""}","{""ImportId"":""QID916""}","{""ImportId"":""QID917""}","{""ImportId"":""QID918""}","{""ImportId"":""QID919""}","{""ImportId"":""QID920""}","{""ImportId"":""QID1316390628""}","{""ImportId"":""QID921""}","{""ImportId"":""QID922""}","{""ImportId"":""QID923""}","{""ImportId"":""QID924""}","{""ImportId"":""QID925""}","{""ImportId"":""QID926""}","{""ImportId"":""QID927""}","{""ImportId"":""QID928""}","{""ImportId"":""QID929""}","{""ImportId"":""QID930""}","{""ImportId"":""QID931""}","{""ImportId"":""QID932""}","{""ImportId"":""QID933""}","{""ImportId"":""QID934""}","{""ImportId"":""QID935""}","{""ImportId"":""QID936""}","{""ImportId"":""QID937""}","{""ImportId"":""QID938""}","{""ImportId"":""QID952""}","{""ImportId"":""QID939""}","{""ImportId"":""QID940""}","{""ImportId"":""QID941""}","{""ImportId"":""QID942""}","{""ImportId"":""QID943""}","{""ImportId"":""QID944""}","{""ImportId"":""QID945""}","{""ImportId"":""QID946""}","{""ImportId"":""QID947""}","{""ImportId"":""QID640""}","{""ImportId"":""QID636""}","{""ImportId"":""QID637""}","{""ImportId"":""QID638""}","{""ImportId"":""QID641""}","{""ImportId"":""QID642""}","{""ImportId"":""QID643""}","{""ImportId"":""QID644""}","{""ImportId"":""QID646""}","{""ImportId"":""QID647""}","{""ImportId"":""QID648""}","{""ImportId"":""QID649""}","{""ImportId"":""QID651""}","{""ImportId"":""QID652""}","{""ImportId"":""QID653""}","{""ImportId"":""QID654""}","{""ImportId"":""QID1316390589""}","{""ImportId"":""QID1316390590""}","{""ImportId"":""QID1316390591""}","{""ImportId"":""QID1316390592""}","{""ImportId"":""QID1316390593""}","{""ImportId"":""QID1316390594""}","{""ImportId"":""QID1316390595""}","{""ImportId"":""QID1316390596""}","{""ImportId"":""QID1316390597""}","{""ImportId"":""QID1316390598""}","{""ImportId"":""QID1316390599""}","{""ImportId"":""QID1316390600""}","{""ImportId"":""QID1316390601""}","{""ImportId"":""QID1316390602""}","{""ImportId"":""QID1316390603""}","{""ImportId"":""QID1316390604""}","{""ImportId"":""QID1316390605""}","{""ImportId"":""QID1316390606""}","{""ImportId"":""QID1316390607""}","{""ImportId"":""QID1316390608""}","{""ImportId"":""QID1316390609""}","{""ImportId"":""QID1316390610""}","{""ImportId"":""QID1316390611""}","{""ImportId"":""QID1316390612""}","{""ImportId"":""QID1316390613""}","{""ImportId"":""QID1316390614""}","{""ImportId"":""QID1316390615""}","{""ImportId"":""QID1316390616""}","{""ImportId"":""QID1316390617""}","{""ImportId"":""QID1316390618""}","{""ImportId"":""QID1316390619""}","{""ImportId"":""QID1316390620""}","{""ImportId"":""QID1316390621""}","{""ImportId"":""QID1316390622""}","{""ImportId"":""QID1316390623""}","{""ImportId"":""QID1316390624""}","{""ImportId"":""QID1316390625""}","{""ImportId"":""QID1316390626""}","{""ImportId"":""QID588""}","{""ImportId"":""QID588_9_TEXT""}","{""ImportId"":""QID568""}","{""ImportId"":""QID629_TEXT""}","{""ImportId"":""QID574""}","{""ImportId"":""QID574_6_TEXT""}","{""ImportId"":""QID570""}","{""ImportId"":""QID579""}","{""ImportId"":""QID587""}","{""ImportId"":""QID587_6_TEXT""}","{""ImportId"":""QID630""}","{""ImportId"":""QID781""}","{""ImportId"":""QID631_TEXT""}","{""ImportId"":""QID950""}","{""ImportId"":""QID951_TEXT""}","{""ImportId"":""QID633_TEXT""}"
2024-04-09 23:36:17,2024-04-09 23:46:45,627,2024-04-09 23:46:46,0zhjr0hs,66111585096bf9ae230a30fb,4,4,1,2,3,1,1,4,2,4,2,4,3,3,5,4,2,5,1,1,2,2,4,2,2,4,4,2,4,3,5,4,5,2,1,5,1,5,4,3,4,5,2,2,2,1,3,4,4,2,3,1,1,1,1,3,3,2,2,1,1,1,1,2,2,2,2,3,4,2,5,2,5,4,5,5,5,5,5,5,5,5,5,5,4,5,5,4,4,5,5,5,3,5,5,5,4,1,5,1,1,2,,2,21,1,,1,4,1,,1,2,"Different ways individuals think, whether in words, pictures, symbols.",2,"Taking a mental ""picture"" of the objects in the sentence, then comparing the picture to the one shown in the yes or no segment",
2024-04-09 23:43:40,2024-04-09 23:53:42,601,2024-04-09 23:53:43,hx8ph3ed,6393cc165ee481b84a567427,4,4,4,4,3,4,4,3,5,3,3,4,2,4,4,4,3,4,4,1,3,2,2,4,2,4,4,3,2,4,3,4,5,3,4,4,4,5,4,4,4,3,4,2,3,3,4,3,2,4,2,2,3,2,3,4,4,1,3,3,3,3,2,3,3,4,4,4,3,4,4,3,4,4,3,4,4,4,2,3,4,4,2,2,3,2,1,4,1,3,3,3,4,2,4,5,5,3,3,2,1,1,,2,26,2,,1,4,1,,1,4,"About how we interpret words, images and the world around us.",1,N/A,
2024-04-09 23:48:02,2024-04-09 23:57:30,568,2024-04-09 23:57:31,rxeup7ff,62e296cf7c53da981b7f32c0,4,2,4,3,4,4,5,3,2,4,4,4,2,2,4,3,2,4,1,3,2,4,4,3,3,3,3,3,3,2,3,2,4,3,3,3,3,5,3,2,3,3,4,3,4,3,4,3,3,4,4,2,2,3,2,4,2,4,2,4,2,3,3,4,3,3,4,4,4,3,4,3,3,4,4,2,4,4,3,3,5,2,3,2,4,3,3,2,2,4,3,4,3,3,2,3,4,4,2,4,1,1,,2,28,2,,1,2,1,,1,2,Remembering through visual images or writting.,1,N/A,More images
2024-04-09 23:41:42,2024-04-09 23:57:59,976,2024-04-09 23:58:00,cxxat1fj,65c251924cbab2f4b132bc7d,4,4,2,2,2,5,5,1,3,1,5,4,2,4,2,3,2,4,1,3,4,2,4,5,2,2,4,4,3,2,2,4,4,5,4,3,2,5,3,2,4,3,1,4,5,3,4,2,3,2,3,2,2,2,2,3,3,2,4,2,3,3,3,5,5,4,3,4,5,5,4,5,2,2,1,2,4,3,1,1,5,2,2,1,5,2,2,4,2,4,2,5,4,3,4,4,4,3,3,3,1,6,"I think of it more like abstract concepts - images yes, but also just the general concept of something, like a taste or smell?",2,25,1,,1,4,1,,1,4,Something about studying visual learners and visual memory associated with how fast you could recognize the words with the images from the start of the test?,2,Saying the words out loud,
2024-04-09 23:42:07,2024-04-10 00:01:02,1134,2024-04-10 00:01:03,kddy6crg,65ab080f996c80725dda3852,4,2,1,2,1,2,2,2,1,2,2,4,4,2,1,3,1,4,1,1,4,2,1,5,2,1,4,2,2,5,1,2,2,2,4,4,1,5,4,2,2,2,1,4,2,2,4,3,2,2,4,2,3,3,4,3,2,3,3,4,2,4,2,4,2,4,4,4,4,4,5,4,4,4,5,5,4,2,2,2,4,2,4,1,2,2,1,2,2,1,1,4,4,5,2,4,4,4,4,5,1,1,,2,48,2,,1,4,1,,1,2,I think the study was about memory or creative versus logical thinking patterns,1,Yes was my answer,
2024-04-09 23:52:48,2024-04-10 00:06:03,794,2024-04-10 00:06:03,f3jtxofp,65443c759a9fffdebcac56cd,5,3,4,3,3,3,3,3,1,4,5,3,2,5,5,3,3,3,1,5,4,2,1,4,1,5,4,4,1,5,4,4,4,3,4,3,1,5,5,3,5,4,1,1,5,3,4,3,2,3,3,3,5,5,3,3,3,2,3,3,5,5,5,5,4,4,5,4,4,5,5,4,4,2,5,5,5,5,4,4,3,4,5,4,4,5,4,4,4,4,5,4,5,5,5,4,5,5,3,5,1,2,,2,20,2,,1,4,1,,2,2,The way humans imagine and think,1,I answered yes,
2024-04-09 23:53:52,2024-04-10 00:08:40,887,2024-04-10 00:08:41,ylwwd4yq,654011b62802ee2b9aaa5456,5,5,4,3,4,4,3,2,2,4,4,2,2,4,1,4,3,4,1,2,4,2,4,4,2,4,4,4,2,4,4,5,5,4,3,4,2,5,4,4,4,3,3,5,4,4,3,2,3,3,2,2,2,3,3,2,2,3,3,2,3,3,2,4,3,3,4,3,3,2,2,3,2,4,4,5,5,5,4,4,4,4,5,4,4,2,2,2,3,3,3,4,5,4,5,4,5,4,5,4,1,3,,2,35,2,,1,4,1,,1,5,"how different people process past and current events differently. To what extent an inner monologue, or visual/photographic memories contribute (or play a part in) processing information.",2,"It took a few goes before I properly got the hang of things (eg. initially I didn't realise that the background/location of the object didn't matter - ie. for ""a tomato in a pizza"", I thought that a picture of a tomato slice would be a ""N"" because it didn't show a pizza).

After I got the hang of things, my strategy was: I mentally extracted the key noun (eg. tomato) (i.e. I left it in written form). When the picture was shown on the next page, I immediately analysed the picture to identify what noun it showed and compared this noun to the noun I had extracted from the sentence.",
2024-04-09 23:56:35,2024-04-10 00:08:49,733,2024-04-10 00:08:49,0a1mu6ef,65b81b628b0e5ea84ab27b07,3,4,4,3,4,4,2,2,4,3,3,2,1,2,4,4,1,1,1,4,3,4,1,4,2,2,4,2,2,2,1,2,2,2,4,4,2,5,4,1,3,1,3,2,4,2,5,2,2,4,3,2,3,2,4,3,4,3,3,4,2,2,3,3,4,3,3,4,4,3,3,4,2,1,5,4,4,4,3,4,3,1,5,4,3,4,1,2,3,4,3,4,2,2,2,5,2,1,4,1,1,3,,2,28,1,,1,4,1,,1,5,Very interesting. Thinking about the way I think makes me stop and really consider what is happening in my mind. I found it a bit disconcerting. ,1,N/A,
2024-04-09 23:49:46,2024-04-10 00:10:05,1218,2024-04-10 00:10:06,kvlxl76b,650a6bf9f420db3c591e33b3,2,5,3,3,2,3,2,4,4,4,4,2,4,2,4,5,4,2,1,4,2,5,3,4,2,1,4,1,4,5,2,2,2,1,3,4,3,5,4,4,4,2,2,2,1,1,4,2,2,4,4,2,3,4,4,2,4,2,4,4,2,2,4,2,2,3,3,4,4,4,2,2,4,2,4,4,2,4,4,4,3,3,5,3,4,4,1,2,2,4,2,4,2,4,1,4,2,2,5,4,1,3,,2,30,1,,1,4,1,,1,4,"left and right brain processes, visual memory and comprehension",1,n/a,
2024-04-09 23:53:18,2024-04-10 00:10:40,1042,2024-04-10 00:10:41,wzwr3r6r,60d784db7de1cc8f3d59d3a6,3,4,1,4,1,5,3,3,5,2,4,5,1,3,5,3,2,4,1,5,3,2,2,3,2,1,4,3,2,3,4,3,3,4,4,4,3,5,4,1,4,3,3,3,4,3,4,5,2,1,3,2,2,2,4,2,4,2,2,4,2,4,2,4,4,4,4,4,5,3,2,4,4,5,5,5,4,5,5,5,5,5,5,5,5,3,3,4,4,4,5,4,3,5,3,4,3,4,4,5,1,6,Both spoken words and pictures,2,30,2,,1,4,1,,1,5,Maybe about the processes of how people think? Or how color (or lack thereof) can impact one's attention to a task? I'm not really sure.,1,N/A,Everything worked out fine for me.
2024-04-09 23:59:24,2024-04-10 00:11:11,706,2024-04-10 00:11:12,k49odcwk,65b9ae9f10d2b0f1d54be287,4,4,2,4,3,4,2,3,4,1,4,4,1,4,3,3,1,5,1,3,4,3,1,3,3,2,3,2,2,3,5,4,4,4,4,3,2,5,3,2,4,3,3,4,3,2,3,3,2,2,5,3,5,3,5,3,2,5,3,2,2,3,3,4,4,3,3,4,3,3,5,5,2,2,5,5,5,4,4,4,3,4,4,4,4,2,1,1,1,3,5,5,3,5,3,4,5,4,3,4,1,1,,2,31,3,,1,2,1,,1,4,mental images and recall ,1,yes,
2024-04-10 00:01:07,2024-04-10 00:13:07,720,2024-04-10 00:13:08,pw93ub8j,5d4e4f66ffbcf800199d5d2e,2,5,1,3,3,5,1,1,3,1,4,4,1,1,4,3,1,5,1,1,4,1,1,3,1,4,3,1,1,5,1,2,5,4,4,3,2,5,5,1,4,5,1,2,4,1,5,3,3,3,3,3,3,3,3,3,3,3,2,3,3,3,3,3,5,4,3,4,5,4,5,4,3,4,4,5,5,5,1,5,5,3,3,5,5,5,2,4,1,3,5,5,2,5,2,5,4,3,3,5,1,1,,2,50,1,,1,4,1,,1,2,visual brain function?,1,n/a,
2024-04-09 23:51:49,2024-04-10 00:13:24,1294,2024-04-10 00:13:24,zqymv7ph,62dbd5b3734a6a1375b46eea,1,2,1,3,1,5,1,5,1,1,5,5,4,1,5,3,3,5,1,3,5,5,1,5,3,1,5,3,3,5,1,1,3,5,5,4,2,5,3,1,3,4,4,3,5,1,5,5,2,2,5,3,3,5,3,3,3,3,3,2,2,3,3,5,5,5,5,5,5,5,5,5,1,5,4,4,3,4,4,4,4,5,5,4,4,4,3,5,3,4,4,5,1,3,1,4,1,3,4,5,1,1,,2,36,2,,1,4,1,,1,2,various people's different perceptions about how they visualize things internally,1,I answered yes,no additional comments
2024-04-10 00:05:47,2024-04-10 00:14:17,509,2024-04-10 00:14:18,9lr33vw0,56235e19ed6e5a0011c80a7b,1,4,3,3,3,2,1,1,3,4,5,3,1,2,4,4,3,5,1,4,3,5,1,5,3,3,4,1,1,2,1,2,3,1,4,2,2,5,5,2,4,3,4,2,3,1,5,4,2,4,2,2,3,4,2,3,3,2,2,3,2,3,4,4,4,2,4,4,5,4,3,4,2,5,5,4,2,5,2,5,3,3,5,5,4,2,1,2,1,4,4,4,1,3,2,1,1,2,3,4,1,1,,2,42,1,,1,4,1,,1,4,how people see in their minds eye,1,n/a,
2024-04-10 00:05:23,2024-04-10 00:16:10,647,2024-04-10 00:16:11,f9b4zp33,5d6fbcebc3eaed00019fccbc,2,5,2,4,2,4,2,2,5,2,4,4,1,2,5,4,2,3,1,2,4,4,2,4,2,2,3,3,3,3,2,3,2,3,4,5,3,5,5,2,5,3,5,3,3,2,4,2,3,2,3,3,3,3,3,2,4,2,4,2,2,4,3,4,4,4,3,4,4,3,3,4,3,4,5,5,5,5,3,5,5,5,3,5,4,4,2,4,1,2,5,5,2,4,3,5,4,4,5,4,1,3,,2,41,1,,1,4,1,,1,5,"How accurate people were with the first task, compared to their style of thinking? ",2,"I was speaking the words in my mind, then just looking at the picture and quickly deciding if either of the words were pictured ",
2024-04-10 00:02:48,2024-04-10 00:16:29,820,2024-04-10 00:16:30,xqap1q6f,66161b0c7f698ed919f2e309,1,5,2,5,1,5,1,3,4,1,5,5,2,4,3,4,1,4,1,4,3,3,2,4,3,2,4,3,2,2,2,1,4,3,4,4,2,5,4,2,4,2,3,4,4,2,3,2,3,3,3,3,5,5,5,2,2,3,3,3,3,3,3,3,5,3,5,5,4,4,3,3,3,5,3,3,5,4,3,3,3,4,3,3,4,3,1,3,2,3,3,4,5,5,1,5,4,4,4,5,1,1,,2,35,1,,1,2,1,,1,2,How well I can picture things; if I use written words or pictures more in my mind's eye,1,n/a,Nope
2024-04-10 00:05:33,2024-04-10 00:16:51,678,2024-04-10 00:16:52,zg96qrwn,63c7bb2ae745777e97741ee4,2,2,4,2,2,4,2,2,2,2,3,3,2,4,4,2,3,3,1,1,4,2,1,4,3,3,2,2,2,1,2,2,3,4,4,2,2,5,2,2,3,2,2,4,4,3,5,2,4,4,2,2,2,4,4,3,4,2,2,2,4,4,2,4,4,3,4,2,4,3,4,4,2,2,5,5,4,4,3,5,4,4,5,5,4,4,3,3,2,4,4,5,4,4,2,4,4,2,3,4,1,3,,2,19,1,,1,4,1,,1,2,how people process sentences and images according to whether they think visually or not.,2,"I wasn't outright visualising it, I was just familiar with the objects in the sentences and when the image appeared either recognised the object in the picture to be the same as the one in the sentence or not.",
2024-04-10 00:09:13,2024-04-10 00:17:02,469,2024-04-10 00:17:03,ahfuynju,613b5421853605b5f9a5db78,1,4,1,1,1,4,1,1,3,3,4,5,1,1,1,4,1,1,1,1,3,3,1,3,3,3,3,1,3,3,1,1,1,1,2,4,1,1,4,1,3,3,1,1,3,1,2,3,2,1,2,2,2,2,2,2,2,2,2,4,4,4,4,5,5,3,5,4,5,5,5,5,3,4,3,5,5,4,5,4,4,4,5,5,3,4,1,4,1,1,4,5,1,5,1,5,1,4,3,5,1,1,,2,50,1,,1,4,1,,1,4,The way we think,1,n/a,
2024-04-10 00:06:06,2024-04-10 00:17:29,683,2024-04-10 00:17:30,qpv9lqfk,657dbdbfa7240ab63ede8261,4,2,5,1,5,3,5,2,2,2,4,1,4,4,4,3,4,4,1,2,4,2,2,4,1,2,4,4,2,4,4,4,4,4,4,2,2,5,3,4,2,4,2,5,5,5,4,5,5,5,3,5,5,5,5,5,5,5,5,5,5,5,5,4,4,4,5,4,4,4,5,4,4,4,4,4,4,4,2,4,4,4,4,3,2,2,2,2,2,3,3,4,4,3,4,4,5,3,4,4,1,1,,2,50,2,,1,4,3,wear glasses,1,4,not sure ,1,visualising,
2024-04-10 00:05:21,2024-04-10 00:17:32,730,2024-04-10 00:17:32,rcv3z9n1,588e3172bc9f190001487eb8,2,2,2,3,3,3,3,1,4,3,5,3,1,4,3,3,2,4,1,4,4,4,3,3,2,2,3,3,4,2,2,1,3,4,4,1,3,5,2,4,4,1,1,4,3,1,4,2,3,4,3,3,3,3,5,3,4,2,3,2,4,4,4,4,5,2,4,4,4,3,4,3,3,4,3,3,4,4,3,3,4,2,2,4,5,2,2,3,1,1,3,5,2,3,1,1,4,5,3,4,1,5,,2,39,1,,2,4,1,,1,2,I enjoyed the study.,1,I answered yes.,none
2024-04-10 00:04:44,2024-04-10 00:18:32,828,2024-04-10 00:18:33,dlzsbj7z,610a6a80ff5e5f8efbfa8f02,4,4,2,3,2,4,1,4,2,2,5,4,1,4,4,4,1,5,1,2,4,3,2,4,2,4,4,3,2,4,2,4,4,4,5,4,2,5,3,2,3,3,2,5,4,2,4,5,2,4,3,3,3,2,3,5,3,2,3,3,2,2,2,4,4,4,4,4,4,4,4,4,2,4,4,4,3,3,4,4,3,4,5,4,3,4,2,4,4,4,4,4,4,5,4,5,4,4,4,5,1,6,primarily both pictures and spoken words,2,20,2,,1,4,1,,1,2,what people see in their mind,1,I answered yes,
2024-04-10 00:06:43,2024-04-10 00:18:38,714,2024-04-10 00:18:38,sq4kju9x,5aadf89afb22320001baa4e9,1,5,1,5,1,5,1,1,5,1,5,5,5,5,5,5,5,5,1,1,5,5,1,5,5,1,5,2,4,5,1,1,3,4,4,4,4,5,5,2,5,5,5,3,4,1,4,3,3,2,3,2,5,5,2,2,2,2,3,5,5,3,3,5,5,5,5,5,5,5,5,5,5,4,5,5,5,5,5,5,5,1,5,5,5,5,5,4,3,5,5,5,5,3,1,1,4,5,5,5,1,1,,2,31,1,,1,4,1,,1,4,Visual Imagery ,1,I answered yes,
2024-04-10 00:08:20,2024-04-10 00:18:56,635,2024-04-10 00:18:57,r0g5jxhl,6611da82eccdd337a7ce65ee,4,1,5,2,4,1,4,2,1,3,1,2,1,1,1,3,3,2,1,1,1,4,5,2,5,4,1,3,5,2,1,4,4,1,1,4,2,5,5,3,3,1,2,2,1,2,2,1,1,1,1,1,1,1,1,1,1,1,1,1,1,1,1,1,1,1,4,1,1,1,1,1,3,3,5,5,4,2,4,4,4,4,1,3,3,1,1,1,1,1,5,5,1,5,4,2,2,1,4,4,1,3,,2,20,1,,1,4,1,,1,2,"how well people can visualise things, and how different minds work like people with Aphantasia vs being able to visualise things ",2,remember the word in the middle of the sentence then look for it on the nest page. it stays in short term memory for long enough to identify if its on the next page or not then i forget it,
2024-04-10 00:07:17,2024-04-10 00:19:38,741,2024-04-10 00:19:39,phobq0bx,64644ed2b5de22e1a016a11a,4,5,1,5,2,5,3,4,5,1,4,5,2,3,2,5,1,4,1,2,5,2,2,4,5,4,4,3,2,4,3,4,5,4,5,5,2,5,5,1,4,3,5,4,3,3,2,3,3,3,5,3,5,5,5,5,5,3,3,3,3,3,5,2,4,5,5,4,4,4,4,2,2,5,2,5,4,4,5,5,5,5,5,2,3,2,1,1,1,1,4,4,3,5,4,5,4,5,5,5,1,3,,2,33,1,,1,4,1,,1,2,How different people hold or imagine memories in their minds and what form their thoughts and memories take. What methods they use to think or recall or store information.,2,I just repeated the last words (only the part of the phrase with the two nouns) verbally in my head. ie 'duck in a pond. duck in a pond'.,
2024-04-09 23:58:28,2024-04-10 00:19:49,1280,2024-04-10 00:19:50,5tcod226,654ea8aa26f20afa1b90aaa6,3,4,2,4,3,4,3,3,4,2,4,4,3,4,3,4,3,4,1,2,4,3,3,4,3,2,3,4,3,4,3,3,4,4,4,4,2,5,4,2,4,3,3,4,4,3,5,2,3,3,2,3,2,3,3,2,2,3,5,2,2,2,3,5,4,4,4,3,4,3,4,4,3,5,4,3,4,4,4,4,4,4,4,3,4,2,2,3,2,2,3,2,4,5,3,5,4,4,4,5,1,3,,2,42,2,,1,4,1,,1,2,How different people think and remember.,1,I didn't answer no.,
2024-04-10 00:09:47,2024-04-10 00:20:53,665,2024-04-10 00:20:54,0u5p8zch,653bbab350e45b9738dce7a7,3,4,5,3,5,3,4,4,4,4,4,2,3,3,3,4,4,4,1,2,3,3,2,4,2,3,3,2,3,3,2,3,4,3,4,3,3,1,3,3,3,2,3,4,2,2,3,3,3,2,3,2,2,3,3,3,3,3,3,2,2,2,2,4,4,4,3,4,4,3,3,4,2,4,4,4,3,4,3,3,3,2,4,3,3,3,2,2,2,2,3,4,3,3,4,3,4,3,3,4,1,1,,2,35,2,,1,4,1,,1,2,Tools you use for memory and recalling,1,Answered yes,N/A
2024-04-10 00:10:27,2024-04-10 00:21:14,647,2024-04-10 00:21:15,zrqngp5b,65ae4eaa15de67d9e1608345,3,4,3,3,3,2,3,3,3,4,1,3,1,3,2,4,2,4,1,1,2,3,4,3,2,2,4,2,2,2,4,4,3,2,4,4,1,5,4,3,4,2,4,4,2,3,2,4,2,4,3,3,3,2,3,5,3,5,5,3,5,5,5,2,3,2,4,4,3,3,2,2,3,4,4,5,4,3,4,4,5,2,4,2,2,4,2,2,3,4,2,4,3,4,4,5,4,3,5,5,1,3,,2,29,1,,2,2,1,,1,5,Trying to distinguish between visual and auditory thinkers by analysing the reaction times between responding to a sentence vs an image,2,"Took in the sentence, then when I saw the image, decided whether or not that corresponded to what I just read. I think I ""converted"" the image to a word then checked if that matched the words I had just seen.",
2024-04-10 00:09:55,2024-04-10 00:21:15,680,2024-04-10 00:21:16,15slbl39,60fd9b1f9557d7bffbb5e6de,3,4,1,4,4,4,2,3,4,3,3,4,3,3,4,4,3,4,1,4,3,3,2,2,2,3,3,2,3,3,1,3,3,3,4,3,2,5,3,2,4,3,2,4,2,2,4,3,3,3,3,2,2,3,3,2,2,2,3,4,2,2,3,4,4,4,3,4,3,4,3,3,4,2,2,3,2,3,2,3,3,1,4,2,4,3,2,2,2,3,2,3,3,2,3,3,3,4,3,2,1,3,,1,29,1,,1,4,2,,1,4,Great nd enjoyable,1,NA,
2024-04-10 00:08:47,2024-04-10 00:21:36,768,2024-04-10 00:21:36,arq1b0k9,65e1f148af277cad2de83bde,4,5,2,2,4,4,2,3,3,3,5,5,2,4,4,3,2,5,1,1,3,2,2,4,2,2,5,2,2,4,5,4,5,3,5,3,1,5,3,2,4,4,1,4,4,4,4,5,3,2,3,2,5,4,2,5,5,5,5,3,3,5,5,5,5,4,4,5,4,5,5,4,4,5,5,5,5,5,4,5,5,5,5,4,5,3,1,1,1,3,4,4,5,5,4,5,4,5,3,5,1,1,,2,32,1,,1,4,1,,1,2,"the way people think, picture things and mentally work through things",1,na,
2024-04-10 00:02:44,2024-04-10 00:21:54,1150,2024-04-10 00:21:55,sj9hlz1l,5c319c5f10677f0001ddced8,4,4,2,5,3,5,2,3,4,2,5,4,3,4,4,4,2,4,1,2,5,4,2,4,2,3,4,3,2,4,4,4,5,4,5,4,3,5,4,2,4,4,3,4,4,3,4,5,5,3,5,5,5,5,5,5,5,5,5,5,5,5,5,5,5,5,5,5,5,4,5,5,3,4,5,4,4,5,4,5,5,4,5,4,4,3,3,4,3,5,3,4,4,5,4,4,4,5,4,5,1,1,,2,29,2,,2,4,1,,1,4,"I think the study was about using the initial activity to align with how people they ""see and hear"" things in their mind.",1,N/A,It would have been good to just go straight through the experiment rather than needing to go to another site to complete the second part.
2024-04-10 00:08:53,2024-04-10 00:21:57,784,2024-04-10 00:21:58,kqf1cndt,653a79ee361748065599e0c1,2,2,1,2,1,4,1,3,3,4,2,4,1,3,5,4,3,4,1,3,3,5,5,4,3,2,3,1,2,3,1,2,3,2,4,3,1,5,3,2,3,2,1,3,2,1,2,3,3,3,3,5,3,3,3,5,5,5,5,3,3,3,5,5,5,4,5,5,4,4,5,4,2,3,5,5,3,4,3,4,4,1,3,5,3,1,1,2,3,3,1,5,4,4,2,5,3,5,3,5,1,1,,2,31,1,,1,4,2,,1,2,It made me think about how my mind works in my day to day life,1,I answered yes,
2024-04-10 00:12:12,2024-04-10 00:22:22,610,2024-04-10 00:22:23,m85ewdm8,66106de7b3f2dbb98745308c,1,3,2,3,2,4,2,2,2,3,3,5,1,2,2,2,3,2,1,1,2,4,2,2,2,3,3,2,4,4,2,2,3,3,2,4,1,5,5,3,3,2,1,2,3,1,4,2,2,4,2,3,3,3,2,2,2,4,2,2,2,2,2,3,2,2,5,3,4,4,4,4,3,5,4,5,5,4,4,5,4,4,2,4,4,3,3,3,1,4,4,5,2,3,2,5,2,4,4,4,1,5,,2,32,1,,1,2,1,,1,4,How a person thinks visually or verbally.,1,I pictured it visually.,
2024-04-10 00:09:11,2024-04-10 00:22:33,801,2024-04-10 00:22:34,yu66f93s,653fb882219e8de666ff1ee4,1,4,4,1,4,2,3,3,2,4,1,2,1,1,3,3,3,2,1,1,1,3,2,4,4,4,1,1,3,1,1,2,3,1,1,4,3,5,4,3,3,1,2,1,1,1,1,4,2,1,4,4,2,2,4,2,4,4,4,1,4,4,1,1,2,1,2,3,2,2,4,1,5,4,5,5,4,4,3,4,4,4,4,3,4,1,1,1,1,1,4,5,1,3,2,4,1,1,4,3,1,5,,2,33,3,,1,4,1,,1,2,"How words and images are linked, and if there is a difference between people based on thinking style.",2,Mentally considering if the image shown matched the word I remembered.,
2024-04-10 00:09:15,2024-04-10 00:23:20,845,2024-04-10 00:23:21,bfgxpwd4,65bfcd7be3748fecb2718753,1,4,1,4,3,5,2,4,4,1,4,5,5,4,4,4,3,4,1,2,5,3,2,5,2,1,4,4,1,4,3,2,3,4,4,4,1,5,4,3,4,4,4,3,4,4,5,5,5,5,5,5,5,5,5,5,5,5,5,5,5,5,5,5,5,5,5,5,5,5,5,5,1,5,5,5,5,5,4,5,4,3,5,5,4,4,4,5,3,5,4,5,4,4,1,4,5,4,4,5,1,1,,2,24,2,,1,4,3,Wear glasses and contact lenses,1,4,"I think the study is about the way people visualise things in their brain that they've experienced, gathering data on the people who only see words or people who see pictures when thinking about people/objects in their brain",1,Answered yes,
2024-04-10 00:06:25,2024-04-10 00:24:57,1112,2024-04-10 00:24:58,muok5jft,6549709ad255d542b83e85b4,4,3,2,4,5,3,3,2,3,1,4,4,2,3,4,4,1,4,1,1,4,3,2,4,4,2,4,3,2,3,1,4,3,4,4,3,2,5,4,2,3,2,2,2,4,3,3,3,3,3,2,3,3,2,3,3,3,3,3,3,3,2,2,5,4,4,3,4,3,3,5,4,2,4,5,5,5,5,3,5,4,5,5,4,5,4,2,3,4,4,4,4,3,4,4,5,4,4,4,3,1,3,,2,37,1,,2,4,1,,1,5,"Different types of memory and learning styles (visual, spatial, auditory etc.)",1,n/a,n/a
2024-04-10 00:16:23,2024-04-10 00:25:21,537,2024-04-10 00:25:22,mj8d8c02,65c7a50ef9428763522fce56,2,5,1,5,3,4,3,5,5,2,5,5,3,2,4,5,1,5,1,1,5,5,1,5,5,3,5,1,2,4,1,1,5,2,5,5,2,5,5,2,1,4,5,1,2,1,5,3,3,5,2,5,5,5,5,5,2,3,3,5,5,5,5,5,5,5,3,4,5,5,2,5,2,4,5,5,5,5,5,5,5,5,5,5,5,5,3,5,3,1,5,5,1,5,1,4,1,3,5,4,1,1,,2,53,1,,1,4,1,,1,4,Perception of self,1,I answered yes,
2024-04-10 00:07:34,2024-04-10 00:25:27,1072,2024-04-10 00:25:28,zlnw3q3w,zlnw3q3w,3,5,1,5,2,4,2,4,5,2,5,5,5,3,5,4,2,5,1,5,5,5,1,5,1,1,4,5,4,5,5,5,3,4,5,5,3,5,4,2,5,5,4,2,5,4,4,5,3,5,3,5,5,5,5,5,5,5,5,5,5,5,5,5,5,5,5,5,5,5,5,5,3,5,5,5,5,5,5,5,4,5,5,5,5,5,3,3,1,4,5,5,2,1,5,1,3,1,5,5,1,1,,2,46,1,,1,1,2,,1,4,"thoughts and imagery. How i remember certain scenes which I do with pictures. 
How I think about people how they sound and what they look like.
The study was about how people see images and there perception about describing either by verbal or oral.",1,I answered yes ,This was interesting and made me thought about how I look at things and describe  them
2024-04-10 00:20:23,2024-04-10 00:25:46,322,2024-04-10 00:25:47,y0v9a2l6,5a7e592017ef3500017050ab,4,3,4,2,3,4,4,3,4,2,3,4,2,3,2,3,4,2,1,3,2,2,2,3,3,3,2,3,2,3,4,3,3,2,3,4,4,5,4,2,4,2,3,1,4,4,4,3,2,4,4,2,3,2,2,2,2,4,2,2,4,4,4,3,3,1,3,4,2,2,2,2,3,3,5,2,3,4,2,3,2,2,4,2,2,2,3,3,1,4,2,2,3,3,3,2,3,4,4,4,1,3,,2,38,2,,1,4,1,,1,6,Recalling images and words,1,I was visualizing the image in the sentence,
2024-04-10 00:15:38,2024-04-10 00:26:15,637,2024-04-10 00:26:16,7y632s0t,65a46bd1df11a18ab8055107,3,5,1,4,1,4,1,5,5,1,3,5,3,2,5,5,4,3,1,3,4,1,3,4,1,1,4,1,1,3,1,3,1,3,5,5,3,5,5,1,5,3,5,2,4,1,4,3,3,2,2,3,3,3,3,2,2,2,2,3,3,3,3,5,5,4,4,5,5,5,5,4,5,5,3,4,5,3,5,4,5,3,5,4,4,4,1,1,1,1,2,1,1,1,3,5,2,4,5,4,1,5,,2,53,1,,1,4,1,,1,4,"Images and how we think, whether in words or pictures",1,I visualised the words,No
2024-04-10 00:16:43,2024-04-10 00:26:27,583,2024-04-10 00:26:28,kz6mp8sc,5ff48377559f43b84295ffd3,4,3,4,4,4,4,3,4,3,3,4,2,3,4,5,4,2,4,1,2,3,3,2,4,2,2,2,2,1,4,4,4,5,2,3,3,3,5,4,3,5,2,1,5,2,2,3,3,2,4,3,5,5,5,5,5,5,5,5,5,3,5,5,4,5,4,4,4,4,4,5,4,4,3,4,4,4,4,3,4,5,4,5,4,4,4,3,4,1,2,3,5,4,3,4,5,5,2,3,4,1,1,,2,27,2,,1,2,1,,1,4,synthsethsias,1,:),
2024-04-10 00:20:05,2024-04-10 00:26:29,383,2024-04-10 00:26:30,8ecte64z,5e33cc331cdf263914f534c7,1,5,1,5,2,4,2,4,5,1,5,4,2,1,5,5,1,5,1,2,3,5,1,5,1,1,4,2,1,3,2,3,2,3,5,5,2,1,5,1,5,2,4,1,2,2,5,3,3,3,3,3,3,3,3,3,3,3,3,3,3,3,3,4,5,4,3,4,4,4,4,2,1,5,4,4,4,4,4,4,4,3,4,4,4,5,4,4,2,4,3,5,1,5,3,5,1,3,5,4,1,2,,2,21,1,,1,4,1,,1,4,Ability to picture things in the mind's eye,1,I answered Yes,
2024-04-10 00:18:53,2024-04-10 00:26:35,462,2024-04-10 00:26:36,1zhrzrjd,5a9ea9fe1ade740001b92063,2,5,1,4,1,5,1,3,5,1,5,4,1,1,3,4,1,4,1,3,4,5,2,4,2,3,5,1,3,4,2,2,2,4,4,5,4,5,5,2,4,4,5,5,4,1,4,5,5,3,5,5,5,3,3,5,5,3,3,5,5,3,3,4,5,4,3,5,4,5,4,4,5,4,4,4,4,4,5,4,5,4,2,4,5,5,3,4,3,4,5,5,1,4,1,2,1,5,4,4,1,2,,2,50,1,,1,4,1,,1,4,unsure,1,"none
",
2024-04-10 00:06:09,2024-04-10 00:26:44,1234,2024-04-10 00:26:45,kn5aafdw,61459be797c9650ece9bcc0a,3,2,4,2,5,5,3,2,2,3,5,2,2,4,4,4,2,5,1,1,5,5,2,5,4,2,5,4,2,5,4,4,4,3,5,2,1,5,3,2,1,3,2,4,4,4,4,5,5,5,5,5,3,5,5,5,5,5,5,3,3,5,3,5,5,5,5,5,3,5,5,5,2,4,5,5,5,4,3,4,3,2,3,4,4,2,1,2,1,1,3,4,5,3,4,5,5,4,3,4,1,1,,2,63,2,,1,"1,2",1,,1,5,how you see things in your minds eye. Either words or images,1,answered yes,-
2024-04-10 00:17:51,2024-04-10 00:27:37,585,2024-04-10 00:27:38,pcbd5n95,5fe7adc9e6b2816666cab9ea,3,4,2,3,2,4,2,2,3,1,4,4,2,3,4,3,2,3,1,3,3,3,2,3,2,2,5,3,2,3,2,1,3,2,4,3,3,5,3,1,3,3,3,4,3,3,4,3,3,2,3,3,3,3,2,3,3,3,3,2,2,2,2,3,5,3,4,5,4,3,5,4,4,5,3,4,4,4,3,3,4,3,3,2,5,3,1,2,2,3,3,4,3,4,1,5,4,4,3,5,1,1,,2,26,2,,1,4,1,,1,4,This study was about memory and how we imagine things and scenarios,1,answered yes,
2024-04-10 00:10:20,2024-04-10 00:27:51,1050,2024-04-10 00:27:51,pbedve5q,651f35be1781043feebd3069,2,4,2,4,2,4,2,4,4,2,4,4,2,3,4,4,2,4,1,4,4,4,2,4,2,2,4,1,3,3,2,2,2,2,4,4,3,5,4,2,4,3,4,4,3,1,4,3,3,5,3,3,3,5,3,3,3,3,2,5,5,5,5,4,4,4,3,4,4,3,4,4,2,4,4,4,3,4,4,4,4,3,4,4,4,4,2,2,2,2,2,2,4,2,1,4,4,4,4,4,1,1,,2,52,1,,1,4,1,,1,4,"it was cool, and quite different
thank you, and good luck with your research : )",1,I answered yes,good luck with your research : )
2024-04-10 00:04:01,2024-04-10 00:27:58,1437,2024-04-10 00:27:59,wh0ax637,63b874fae9aa0be9c908fdee,1,4,4,2,3,1,1,2,3,4,2,1,1,1,4,2,1,1,1,2,1,5,5,2,4,5,1,1,5,2,1,1,2,1,1,3,1,5,2,3,4,1,2,1,1,1,4,4,1,1,1,4,1,1,1,4,1,4,1,4,1,1,1,1,1,1,5,2,1,1,2,1,4,3,5,5,5,4,5,5,4,5,5,5,4,1,1,1,1,1,3,3,1,4,1,3,1,3,3,4,1,3,,2,46,1,,1,4,1,,1,4,I thougth the study was about the different ways our we process sensory information. Aphantasia came to mind where people can't visualize pictures of things.,2,I hear the word in my mind and then I can tie it to the picture.,It was interesting to think about the different ways we manipulate and work with sensory information. I enjoyed the experiment. 
2024-04-10 00:15:03,2024-04-10 00:28:13,789,2024-04-10 00:28:13,k7usqw6o,6065a6f653bdb34cb4733be2,1,2,3,1,1,2,1,2,1,3,1,3,1,2,4,2,3,4,1,1,1,1,2,2,3,3,2,1,2,1,1,2,1,1,1,2,1,1,2,3,1,3,2,2,2,1,1,1,4,4,1,2,4,4,4,4,4,2,2,4,4,4,4,2,2,2,2,2,2,2,3,1,4,2,5,4,3,2,4,4,4,5,2,5,4,3,2,3,1,2,5,5,2,2,2,5,2,2,2,2,1,3,,2,35,1,,1,4,1,,1,4,memory,2,"Im unsure how to describe it, the words just linked quickly",
2024-04-10 00:15:33,2024-04-10 00:28:14,760,2024-04-10 00:28:15,h758jjgz,65af304d4abd092841459c84,2,4,2,5,1,3,3,3,3,1,3,5,1,4,4,5,1,5,1,2,4,4,2,4,4,2,4,3,2,2,3,2,4,3,4,5,1,5,5,2,4,2,2,3,3,3,4,5,5,3,3,3,5,5,3,5,5,5,3,5,3,5,3,4,4,4,4,5,4,5,4,3,2,4,5,5,5,4,4,5,3,4,5,3,5,2,1,3,1,4,5,4,4,5,2,5,4,4,5,2,1,3,,2,41,2,,1,2,1,,1,6,Trying to measure some kind of patterns regarding visualisation and memories.,1,I answered yes,
2024-04-10 00:18:30,2024-04-10 00:28:34,603,2024-04-10 00:28:34,0q5f5cfx,5c484b16c41b2a000183c837,4,3,4,2,4,5,3,3,1,3,4,2,4,5,4,3,4,5,1,1,3,1,2,4,2,3,3,4,1,3,4,4,5,4,4,2,2,5,3,4,2,3,2,4,4,3,3,3,3,2,3,5,5,5,5,3,3,5,5,2,5,3,5,4,5,4,5,4,5,5,5,4,2,4,3,3,4,4,2,2,4,3,3,2,3,2,2,2,1,2,4,2,4,2,5,4,4,3,2,5,1,1,,2,38,2,,1,2,1,,1,4,made me think,1,I answered yes,
2024-04-10 00:17:42,2024-04-10 00:28:43,661,2024-04-10 00:28:44,brafzkgl,646bc273334eee3290a158ed,1,3,1,1,1,5,1,3,4,3,4,5,2,4,3,3,2,5,1,1,5,3,1,3,5,1,4,1,1,3,2,1,2,4,4,3,1,5,1,5,3,5,2,3,5,2,4,3,2,3,2,5,5,5,5,3,2,2,5,5,5,3,3,5,4,5,5,4,5,5,5,4,5,5,5,5,5,5,5,5,5,4,5,5,5,3,2,3,4,3,5,4,3,4,1,5,4,4,2,4,1,6,both pictures and spoken words,2,49,1,,1,4,1,,1,4,how people think and perceive things,1,i answered yes,
2024-04-10 00:18:36,2024-04-10 00:28:48,612,2024-04-10 00:28:48,u99bm3rf,5acdd647e9d7a30001c2cf21,3,4,4,4,4,4,2,2,5,4,4,2,2,4,2,4,3,5,1,2,4,4,2,3,2,4,4,2,4,2,2,3,4,2,4,4,3,1,4,4,4,2,4,4,2,2,4,3,2,3,2,3,5,3,3,2,3,5,5,3,5,5,2,4,4,2,4,4,3,4,3,4,2,5,4,4,4,5,4,4,4,5,5,3,4,3,2,5,2,4,5,4,4,4,4,4,4,4,4,5,1,3,,2,51,2,,1,4,1,,1,4,not sure,1,na,
2024-04-10 00:20:08,2024-04-10 00:28:49,521,2024-04-10 00:28:50,Ofzt94ez,597a72293a82ba000141d7b0,1,3,1,4,1,4,1,2,3,1,5,5,1,1,1,5,1,5,1,1,2,5,1,3,3,2,5,1,3,5,1,1,1,2,5,4,4,5,5,2,3,3,4,2,3,1,5,5,5,5,5,5,5,5,5,5,5,5,5,5,5,5,5,5,5,5,4,5,5,3,3,5,4,5,5,5,5,5,3,5,4,5,5,5,5,5,5,5,5,5,5,5,1,5,1,5,1,5,5,5,1,1,,2,64,1,,1,4,2,,1,5,"Not sure
",1,N/A,No
2024-04-10 00:12:26,2024-04-10 00:29:02,996,2024-04-10 00:29:03,6ks5c2yv,661546d88cdc53f0ac956a36,3,5,1,4,4,3,3,3,5,3,3,4,3,2,3,5,3,3,1,2,3,3,2,3,4,3,2,2,3,3,3,3,3,2,3,5,3,5,5,3,3,2,3,3,3,3,3,2,3,3,3,3,3,2,3,2,2,2,2,2,3,3,2,3,3,3,3,3,3,3,3,3,3,4,5,4,5,4,4,4,4,4,4,4,5,3,3,3,2,2,3,4,3,4,3,4,3,3,4,4,1,3,,2,45,1,,1,4,1,,1,5,Visualisation,2,"Remembering the words.
Irritated with myself that I initially forgot I was only looking for one of the words and not the entire description reflected in the image.",
2024-04-10 00:19:14,2024-04-10 00:29:21,606,2024-04-10 00:29:21,acofox7y,6447b03d8d4563bddce16e27,2,4,4,4,4,4,1,3,4,3,5,4,2,2,3,5,3,4,1,2,4,4,5,5,2,3,5,2,3,4,2,3,4,3,5,4,2,5,5,4,5,4,2,3,3,2,4,5,5,5,3,2,5,3,3,3,5,3,5,2,3,3,3,4,4,5,4,5,5,3,5,4,3,3,5,5,4,4,4,4,4,4,3,4,5,3,3,5,1,3,4,5,3,5,2,4,4,3,4,5,1,3,,2,63,1,,1,4,1,,1,2,It was about how you think about and see things and also memory,1,none,no
2024-04-10 00:18:34,2024-04-10 00:29:37,662,2024-04-10 00:29:38,fwksp31b,5c3e9912a301700001b71a35,3,5,5,3,4,3,3,2,4,4,5,1,3,5,3,3,2,4,1,2,4,3,5,4,4,2,5,3,2,4,5,4,3,4,5,4,2,5,4,3,4,3,1,5,4,3,5,2,3,4,2,3,5,3,3,3,2,3,3,3,3,2,2,4,5,3,4,4,5,4,4,4,2,4,1,5,4,5,1,5,3,2,4,4,5,3,1,1,1,2,4,5,5,5,4,5,5,4,4,3,1,1,,2,26,2,,1,4,1,,1,2,I am unsure of the purpose behind this study,1,n/a,
2024-04-10 00:16:14,2024-04-10 00:29:50,816,2024-04-10 00:29:51,5pq7r99w,64e8438425d1e6957f1ae413,2,3,4,3,2,4,1,4,2,2,5,3,2,2,4,4,2,4,1,4,4,5,2,4,4,5,5,3,2,5,1,4,5,4,4,4,3,5,5,3,4,4,1,2,4,3,4,3,3,2,3,5,5,3,5,5,3,3,3,5,5,3,5,5,5,5,4,5,5,5,5,5,3,5,5,5,5,5,2,5,5,5,5,5,5,4,4,5,1,5,5,5,2,5,2,2,2,4,4,5,1,1,,2,30,1,,1,4,1,,1,4,"Trying to understand how the mind works and how it ""sees"" things differently",1,I did not answer No,"Some questions were quite repetitive and a few were quite confusing. Overall, it was actually very interesting"
2024-04-10 00:20:53,2024-04-10 00:30:01,547,2024-04-10 00:30:02,ps0dkhx4,5defac7e56b506000cdd3b32,3,2,5,2,4,2,3,3,2,3,4,1,2,3,3,3,2,4,1,2,3,2,3,3,2,2,4,2,2,2,1,3,4,2,4,3,2,5,2,3,4,2,2,4,3,2,4,3,2,2,3,2,2,2,2,3,3,3,3,2,2,4,4,4,4,4,4,4,4,3,2,4,4,4,4,4,4,5,4,4,3,4,4,4,4,3,2,3,2,2,2,4,3,4,3,4,4,3,3,4,1,1,,2,35,2,,1,4,1,,1,2,not sure,1,answered yes,
2024-04-10 00:12:34,2024-04-10 00:30:15,1060,2024-04-10 00:30:15,yzlt5vel,65b82167148c0d31b23cba90,5,5,2,5,5,5,4,4,4,2,5,2,2,5,3,5,1,5,1,1,4,4,5,5,2,2,3,4,3,4,4,4,3,3,5,5,1,5,5,2,5,4,4,5,4,4,5,3,5,2,3,5,5,5,5,5,5,5,5,5,5,5,5,5,5,4,4,5,4,5,4,4,1,5,2,2,5,4,1,4,2,5,3,1,4,5,1,1,1,1,2,5,5,5,4,4,5,2,5,5,1,1,,2,31,2,,2,4,1,,1,4,"The ""minds eye"" and how we internally process information.",1,I answered yes.,These questions were really interesting! Thank you
2024-04-10 00:19:19,2024-04-10 00:30:16,656,2024-04-10 00:30:16,cufvs505,6103583967377f29277e44ba,4,3,5,2,5,5,5,4,1,3,5,1,5,5,5,3,4,2,1,3,5,2,1,5,2,1,4,5,1,4,4,4,4,5,5,5,1,5,3,4,2,3,2,5,4,3,4,5,5,2,5,5,5,5,5,5,5,5,5,2,3,2,3,5,5,5,5,5,5,5,5,5,1,5,5,5,3,5,5,5,5,5,5,4,4,1,1,1,1,1,2,1,5,5,4,5,5,5,5,5,1,6,pictures spoken words feelings (physical),2,29,2,,1,4,1,,1,5,how people think,1,answered yes,
2024-04-10 00:18:06,2024-04-10 00:30:24,737,2024-04-10 00:30:25,m0pbefnf,5aa28d786219a30001f57655,2,2,5,2,3,4,3,2,1,2,2,1,1,4,1,4,1,1,1,1,2,3,5,3,5,3,2,1,4,1,4,5,5,1,1,4,4,5,1,3,2,1,2,5,2,1,4,2,4,1,1,3,4,1,1,1,1,1,1,4,1,1,1,3,1,2,4,3,2,3,3,2,1,1,1,4,4,4,4,4,4,1,2,3,4,1,1,1,1,1,1,3,5,2,5,1,5,1,4,1,1,5,,2,43,2,,1,4,1,,1,6,pass,2,just reacting,
2024-04-10 00:12:20,2024-04-10 00:30:32,1092,2024-04-10 00:30:33,w2gyt1x4,660ce5fe8a1ad7c36e0b0fc4,4,5,2,4,1,4,2,4,5,1,5,4,2,4,4,5,1,4,1,2,4,4,2,4,1,2,4,1,2,4,1,4,4,4,5,2,3,5,4,1,5,2,2,2,4,1,5,2,3,2,3,3,5,5,3,3,2,3,3,2,3,2,3,5,5,5,5,4,5,4,5,5,1,5,5,5,5,5,2,5,5,5,5,4,5,1,1,2,1,4,5,5,4,4,4,5,2,4,4,5,1,6,I hear words/speaking accompanied by images,2,28,1,,1,4,1,,1,5,It seemed to be about the differences in how people think - some people have very vivid images whereas others see words and some people have no inner monologue at all. ,1,I was picturing the items before moving onto the actual image,"Very interesting. I am surprised by how vividly I can picture what tasting a brick is like. I can see the colour of the brick and the concrete very clearly and vividly. I can taste the brick, I can feel it's cold and how the brick absorbs my saliva a bit. Interesting!"
2024-04-10 00:19:02,2024-04-10 00:30:46,703,2024-04-10 00:30:46,9kydn4bj,56cb9da4edf8da00066e7028,5,5,1,5,1,5,1,5,5,3,5,5,2,5,5,4,2,5,1,1,4,2,1,2,1,1,5,3,2,4,1,2,3,4,5,4,1,5,5,2,4,2,3,5,5,3,4,5,5,5,5,5,5,5,5,5,3,5,5,5,5,5,5,5,5,4,5,5,3,5,4,5,3,5,3,2,5,4,5,5,2,5,5,3,3,5,2,4,4,4,3,5,5,5,3,5,5,5,5,5,1,6,In pictures and abstract concepts,2,29,3,,1,2,1,,1,4,Something about aphantasia,1,n/a,
2024-04-10 00:19:37,2024-04-10 00:30:51,674,2024-04-10 00:30:52,820bu570,62a372ba36d648e718d3c9a4,2,4,3,4,3,5,4,2,3,3,2,3,4,4,3,4,3,4,1,3,3,4,2,3,4,3,4,3,3,5,3,3,4,3,4,4,3,5,4,3,3,5,3,4,4,2,1,5,3,2,5,5,5,3,3,2,3,5,3,3,5,3,2,5,4,3,4,4,5,5,5,5,4,3,4,3,5,4,3,4,3,4,3,3,4,3,1,2,1,1,4,3,4,2,3,1,3,2,4,1,1,5,,2,28,2,,1,4,1,,1,4,interesting and fun,1,na,
2024-04-10 00:15:11,2024-04-10 00:31:02,951,2024-04-10 00:31:03,dl9cdqpf,65ce913b13260f8056bddae5,4,1,3,2,2,3,1,2,3,3,4,3,2,4,3,2,1,4,1,3,4,1,1,4,1,2,3,3,2,3,1,3,2,4,3,2,1,5,1,2,2,5,1,4,4,1,5,3,5,4,2,3,5,3,2,5,5,2,5,2,4,3,2,5,5,5,2,4,5,5,5,4,2,3,4,5,5,3,2,4,2,3,4,3,4,2,1,1,1,4,4,5,4,1,3,4,4,3,2,3,1,1,,2,20,1,,1,4,1,,1,4,Visual vs non visual thinking. Visual learner.,1,Not relevant.,No.
2024-04-10 00:10:18,2024-04-10 00:31:18,1260,2024-04-10 00:31:19,4q56vojy,5d2667977202d70001c2d4fe,3,5,1,4,1,5,2,2,4,1,5,5,3,4,5,5,4,3,1,2,4,2,3,5,2,1,5,3,1,5,2,3,3,5,5,5,1,5,5,1,5,4,5,4,5,2,5,5,5,5,5,5,5,5,5,3,3,3,5,5,5,5,5,5,5,5,5,5,5,5,5,5,3,4,3,4,4,2,1,5,3,4,4,1,3,5,3,3,4,3,3,5,4,5,2,5,2,3,4,4,1,6,"Primarily in pictures, abstract symbols for abstract concepts (e.g., days of the week), and spoken words for social/communication",2,39,2,,1,3,1,,1,4,Information processing and association of concepts (verbal and visual in the first task) in people with different primary modes of thinking.,1,"I answered ""yes"". ",
2024-04-10 00:15:10,2024-04-10 00:31:22,972,2024-04-10 00:31:23,3uf8klrq,5ac038890527ba0001c1ec60,4,4,2,4,5,4,5,3,4,1,5,4,3,3,3,5,3,4,1,3,4,4,2,4,2,2,5,5,3,4,4,5,5,3,4,5,3,5,5,2,4,4,4,4,3,5,4,3,5,2,5,5,5,5,5,3,3,3,5,5,5,5,5,5,5,5,5,5,5,4,5,2,2,4,5,5,5,4,5,4,5,4,4,4,4,4,3,4,4,4,3,2,4,4,4,4,5,2,5,5,1,5,,2,45,2,,1,4,1,,1,4,how our minds convey stimuli,1,n/a,
2024-04-10 00:21:29,2024-04-10 00:32:12,642,2024-04-10 00:32:12,1prneuqn,611b586707058aa853d7776d,2,5,5,4,5,3,3,4,5,3,5,1,2,3,2,5,3,5,1,3,4,4,1,4,2,3,5,3,4,2,1,3,2,4,5,5,5,5,4,2,5,4,5,4,4,2,4,5,3,5,3,3,3,3,3,3,2,3,3,2,2,2,3,5,5,3,3,4,4,3,4,5,2,4,4,5,5,5,4,4,5,3,5,5,5,4,2,2,2,5,4,5,2,5,3,4,3,4,5,4,1,1,,2,43,1,,2,4,3,wear glasses/lenses for distance -1 prescription,1,4,How your mind works - who thinks visually v's written,1,n/a,It was very interesting. 
2024-04-10 00:12:41,2024-04-10 00:32:19,1178,2024-04-10 00:32:20,ts6zvbnb,655abc4b346b2b209cd1ceb2,3,4,2,4,3,3,3,3,3,3,4,3,3,3,4,3,3,4,1,3,3,3,2,3,3,3,3,3,3,3,3,3,3,2,3,3,3,5,3,3,3,4,3,3,3,3,2,4,4,4,2,2,2,2,2,2,4,4,4,2,2,2,2,2,3,2,3,3,3,3,2,3,3,2,3,4,3,4,3,3,3,4,2,3,3,2,1,1,1,3,3,4,3,2,3,3,3,3,3,3,1,1,,2,23,1,,1,4,2,,1,4,A study about the minds eye and how you picture and visualise inside the mind,1,N/A,
2024-04-10 00:17:28,2024-04-10 00:32:34,905,2024-04-10 00:32:34,ktyh9fyv,65c7348651be052319221221,1,5,1,3,2,3,3,4,5,3,4,5,2,2,3,5,1,3,1,4,3,4,4,3,3,2,2,1,4,3,1,1,2,3,2,5,2,5,5,2,4,2,4,2,3,1,1,1,4,1,1,1,1,1,1,4,1,4,1,1,1,1,1,2,1,1,2,2,2,2,1,2,3,2,2,4,3,3,3,2,2,4,2,3,3,2,1,1,1,2,2,2,1,1,1,1,1,2,4,1,1,5,,2,26,1,,1,4,1,,1,4,The way that we think and remember things,2,"I don't think I had a strategy, I just looked at the key word and then checked if the picture matched",
2024-04-10 00:20:02,2024-04-10 00:32:34,751,2024-04-10 00:32:36,4un8atge,65e52316feb15ebecb300883,2,5,3,4,2,4,3,4,5,3,4,3,1,2,4,5,2,4,1,2,4,5,2,3,4,3,4,2,4,2,3,3,3,2,4,5,3,5,4,3,4,1,4,2,3,2,2,2,2,4,3,2,3,3,3,4,1,2,3,3,2,2,2,4,3,3,3,4,3,3,2,2,2,2,4,4,5,4,2,4,5,3,5,3,5,2,1,1,1,1,4,1,2,5,2,3,2,2,5,3,1,5,,2,43,1,,1,4,1,,1,4,Visual processing and language.,2,I said the sentences out loud before / while progressing to the picture,
2024-04-10 00:14:11,2024-04-10 00:33:15,1144,2024-04-10 00:33:15,4sw2goal,5bd0a57f446a8e0001204390,4,5,1,4,2,4,2,2,3,2,4,5,2,3,5,4,2,4,1,3,4,3,2,4,2,2,5,2,2,4,2,4,4,3,4,5,2,5,5,2,4,4,4,4,4,2,4,5,5,3,5,3,3,3,5,3,3,5,5,3,3,2,3,4,4,4,5,5,5,3,3,5,2,4,4,5,4,4,5,5,5,5,5,4,4,4,4,4,3,3,5,4,4,5,5,5,4,4,5,5,1,3,,2,52,1,,1,4,1,,1,4,reaction times to visual cues and the relationship to the type of thinker one is,1,i answered yes,
2024-04-10 00:14:00,2024-04-10 00:33:27,1167,2024-04-10 00:33:28,dv2j6qcp,65b8ddbb1c28c3a472bf4dc0,1,4,1,2,3,5,1,4,3,1,5,5,4,1,4,3,3,5,1,4,5,3,1,3,3,1,5,4,2,5,4,1,1,5,4,3,1,5,3,2,4,4,1,2,5,2,5,5,5,3,3,5,3,3,5,5,3,5,2,3,3,3,3,5,4,5,5,5,5,5,4,5,2,4,5,5,5,5,4,4,5,5,2,5,3,2,3,3,3,4,4,5,2,5,1,4,2,5,4,4,1,6,in videos if that makes sense like a constant reel of film playing and replaying everything visually. Technically 'in pictures' because it is like visual pictures but its just like constant moving pictures.,2,19,1,,1,4,1,,1,2,I thought it would be about memory in the first half but I think it's about how you think and visualise things in general. It also said earlier in the study the purpose was to determine how clearly you can visualise things in your minds eye.,1,N/A,
2024-04-10 00:16:26,2024-04-10 00:33:29,1022,2024-04-10 00:33:29,ha8vk9wh,6268f4810cd59e084565cfef,3,4,4,2,4,5,2,4,5,2,5,1,1,4,3,4,3,4,1,3,4,3,2,4,2,2,4,2,3,4,2,5,4,5,5,4,2,5,4,2,3,3,3,4,4,1,4,3,3,3,3,3,2,2,3,3,3,3,5,3,3,3,5,5,5,4,4,5,5,5,5,5,3,4,5,5,5,5,5,5,4,4,5,5,4,2,1,5,1,1,5,5,4,4,5,4,5,2,4,5,1,1,,2,55,2,,1,4,1,,1,5,Verbal and visual cognisance or the ability to do both,1,I was thinking of the word needed,
2024-04-10 00:20:43,2024-04-10 00:33:48,785,2024-04-10 00:33:48,6smlaaak,5ca35f23219293001653e971,1,5,1,4,1,4,1,1,5,1,4,4,2,1,2,4,1,4,1,2,4,3,3,3,4,3,4,2,3,3,1,1,3,2,4,3,3,5,4,2,4,3,3,4,3,1,4,3,3,3,3,3,3,3,3,2,2,3,3,2,2,2,2,4,4,4,4,4,4,4,4,4,3,4,4,4,4,4,4,4,4,4,4,3,4,4,3,4,3,4,3,4,2,5,2,4,3,4,4,5,1,2,,2,58,1,,1,4,1,,1,2,People's cognitive ability,1,N/A,
2024-04-10 00:22:51,2024-04-10 00:34:49,718,2024-04-10 00:34:50,gt1ffxbg,660e9bb3e4a6dc5e95207889,2,4,1,4,2,3,2,5,4,1,4,5,2,3,5,4,1,5,1,5,3,2,1,4,2,4,4,1,1,4,4,2,4,4,4,3,1,5,5,4,4,3,4,4,5,2,5,3,3,3,3,5,5,3,3,3,3,3,3,3,3,2,2,4,5,4,4,4,4,5,5,5,2,4,5,5,5,5,4,4,3,5,5,5,5,4,1,5,1,5,4,5,4,5,2,5,4,4,3,4,1,3,,2,60,1,,1,4,1,,1,2,How we think (visually vs non visually),1,n/a,
2024-04-10 00:16:36,2024-04-10 00:35:42,1145,2024-04-10 00:35:43,5gfus4s4,5b6ad0816e85f50001ed3af8,4,5,2,5,3,3,3,1,5,2,5,5,4,5,4,5,2,4,1,1,3,3,3,4,3,1,3,4,1,4,1,4,4,3,4,5,3,5,5,1,5,4,5,5,2,4,4,3,3,2,4,3,3,3,3,3,3,3,3,3,3,3,3,3,4,3,3,5,5,4,5,3,4,2,3,3,2,3,5,4,4,5,5,4,2,2,1,1,2,5,3,4,5,5,4,3,5,5,5,5,1,6,In pictures and spoken words equally and combined,2,59,1,,1,4,1,,1,4,ability to visualise and verbalise internally and differences in how people do that.,1,"I didn't answer no, so you should allow me to leave this section blank :)",It's difficult to define how clearly I visualise things. There's definitely and internally audible commentary though :)
2024-04-10 00:20:03,2024-04-10 00:35:47,944,2024-04-10 00:35:48,fxm9ofoe,561cdc083d7fe800050f591a,3,4,1,5,1,4,2,3,4,1,5,5,1,2,3,5,2,3,1,4,3,5,2,4,3,2,4,1,5,2,1,4,3,2,5,5,5,5,5,1,5,1,4,2,3,1,3,3,3,2,3,3,3,3,3,3,2,2,3,2,3,3,2,3,4,3,2,3,3,2,3,3,3,5,5,5,5,4,4,5,3,5,5,3,5,3,2,2,1,2,3,3,3,5,4,4,3,3,5,5,1,3,,2,58,1,,1,4,1,,1,4,Whether people use words or pictures to remember things,2,"It's hard to describe.  I just know what a lobster looks like, for example, so I can relate the image to the word without having to call it up in my mind.",N/A
2024-04-10 00:26:40,2024-04-10 00:35:48,547,2024-04-10 00:35:49,7u59l4qh,63c537386dd6755dd6fb3f35,2,5,1,5,3,3,1,4,5,3,3,4,4,2,4,5,1,5,1,5,4,5,1,5,1,2,5,2,5,5,1,1,2,2,5,5,5,5,4,3,5,4,5,1,1,1,4,3,3,2,2,5,5,3,3,4,4,1,1,3,3,3,2,5,5,5,2,4,4,5,3,1,3,4,4,5,5,5,4,5,5,4,5,1,5,4,1,4,1,3,4,5,1,2,1,4,1,2,5,2,1,1,,2,45,2,,1,4,1,,1,5,This study was about the relationship between communication and mental imagery. ,1,I wrote yes,Thank you
2024-04-10 00:24:34,2024-04-10 00:35:51,676,2024-04-10 00:35:52,x1w9s9wb,65b7fc395a2192aef56dc13f,4,4,4,4,2,5,3,1,3,3,5,2,2,3,4,4,2,2,1,2,4,4,2,3,2,2,4,3,2,3,1,3,4,3,4,4,4,5,3,3,4,2,2,4,3,1,4,3,3,2,2,5,5,3,3,3,2,3,3,3,5,3,3,4,4,4,4,4,5,4,4,3,2,4,4,4,3,4,3,4,4,1,4,2,4,3,2,2,4,4,4,4,4,4,5,4,4,2,4,4,1,1,,2,41,1,,1,4,1,,1,4,Understanding of images and the way the brain processes them,1,NA - answered yes,
2024-04-10 00:18:20,2024-04-10 00:35:59,1058,2024-04-10 00:36:00,50y4qm28,611ceae6cc4047f40f350c53,1,3,3,3,3,3,3,2,3,4,4,3,2,3,3,3,3,3,1,3,3,4,3,3,3,4,3,2,3,4,3,2,2,2,3,2,3,5,3,3,3,4,2,3,3,2,3,4,4,4,2,2,2,2,5,3,3,3,4,3,3,3,3,2,3,2,3,3,3,3,4,3,3,3,3,3,1,3,3,4,3,3,4,1,3,3,2,1,1,3,3,3,2,2,2,2,3,2,3,3,1,5,,2,36,2,,1,4,1,,1,2,I have no idea ,1,I answered yes ,no thanks 
2024-04-10 00:16:34,2024-04-10 00:35:59,1165,2024-04-10 00:36:00,u7a042ox,63fc7ac4c0ba10b71a25a63d,3,4,4,3,3,3,3,4,4,2,4,2,3,2,2,4,2,4,1,2,3,2,4,3,2,4,3,3,4,2,4,4,4,2,4,4,2,1,3,2,3,2,3,3,3,4,4,3,2,3,3,3,3,3,3,3,3,3,3,3,3,2,2,4,4,4,4,4,4,4,4,4,4,4,3,4,4,4,4,4,4,4,2,3,3,3,3,3,2,2,3,4,3,4,4,4,3,4,4,4,1,1,,2,56,2,,1,4,1,,1,2,Memory,1,As mentioned,
2024-04-10 00:04:43,2024-04-10 00:36:32,1909,2024-04-10 00:36:33,uxmlocrk,5e11b6c6e297d5848923f092,4,4,1,4,2,2,2,2,5,1,5,5,4,4,5,4,1,5,1,2,4,3,1,5,1,1,4,3,2,5,3,5,5,3,5,4,2,5,5,2,3,4,2,4,4,2,4,2,3,3,2,5,3,5,3,3,4,3,3,2,2,2,3,5,5,5,5,4,4,5,4,4,2,5,5,5,5,4,5,5,3,5,5,5,4,3,4,4,4,5,5,5,4,5,5,4,4,5,4,4,1,3,,2,41,1,,1,3,1,,1,4,Differences in responses by people with preferences to either verbal or visual reasoning.,1,"I answered yes but can't move on without typing something here.  BUT- my initial responses were probably wrong because I was visualising the item in the context of the sentence, so if the picture didn't match, eg a whole watermelon shown when the sentence mentioned watermelon in a bowl, I think I was initially responding N.","As per previous response, I may have started answering the first section incorrectly due to the image not matching the context of the sentence.  I laughed at the ""bread in the toaster"" with the image of toast.  That was kind of mean!"
2024-04-10 00:21:40,2024-04-10 00:36:56,915,2024-04-10 00:36:57,xvf1u3h7,6613eaa8e44e25e801f85215,2,3,4,4,4,3,2,2,3,2,4,4,3,2,4,4,2,4,1,4,3,3,2,4,2,2,3,1,3,3,1,3,3,2,4,3,2,5,4,2,3,4,2,2,4,1,4,2,2,3,3,2,2,2,2,4,2,4,2,3,3,2,2,5,4,4,3,4,4,4,3,5,2,3,4,5,5,5,5,5,5,5,3,3,5,2,2,4,2,2,4,4,2,4,3,4,2,4,2,4,1,6,Both in spoken words and pictures,2,31,1,,2,4,1,,1,4,"It was really interesting, thank you! As a suggestion, a test run of the first task would be great.",1,I answered yes,A suggestion would be to do a test run of the first task
2024-04-10 00:21:39,2024-04-10 00:36:59,920,2024-04-10 00:37:00,2f58wn8r,62d559fefc52957596b0888f,3,4,4,3,2,3,4,3,2,4,2,4,2,2,4,4,3,4,1,4,4,2,2,4,4,3,5,3,4,4,4,4,2,4,4,2,4,5,4,4,4,2,2,2,4,4,4,3,2,2,3,4,3,3,3,2,2,5,3,5,2,5,3,5,5,5,5,4,5,4,5,4,4,4,4,4,5,4,4,4,4,4,1,4,4,5,5,3,5,4,4,5,4,4,4,5,1,4,2,5,1,3,,2,26,2,,1,1,1,,1,4,it was fun,1,I did,
2024-04-10 00:09:13,2024-04-10 00:37:21,1687,2024-04-10 00:37:21,w0drbwyz,611186d40980596231774f98,3,4,1,3,1,4,2,4,4,3,2,5,4,4,3,3,2,4,1,3,3,4,2,4,3,3,3,3,2,4,4,3,4,3,3,3,1,5,4,3,2,4,2,3,3,3,2,3,3,4,3,2,2,2,2,3,3,3,2,2,2,2,4,4,4,4,4,3,5,4,4,3,2,2,3,4,4,3,2,4,2,4,3,4,4,3,1,2,1,3,1,4,3,5,2,4,4,4,3,2,1,1,,2,25,2,,1,2,1,,1,2,How we process written words and images both in the moment and through recollection.,2,"Reading the sentence once in my head and then a second time out loud as I pressed the space bar, by the time the picture appeared it was fresh in my brain",no
2024-04-10 00:19:59,2024-04-10 00:39:21,1161,2024-04-10 00:39:22,09g1jpab,5c58244f62290e00012fa64c,1,5,1,5,1,3,2,4,5,2,5,5,1,1,4,5,2,3,1,5,2,4,3,3,4,3,3,1,4,1,1,1,1,1,2,5,3,5,4,1,3,1,5,2,3,3,3,2,4,1,1,2,2,2,2,2,1,1,2,2,2,2,2,2,3,3,3,3,3,3,3,2,4,1,1,1,1,1,2,2,1,1,1,1,2,3,1,1,1,1,1,1,1,3,2,3,2,1,5,1,1,5,,2,76,1,,1,4,1,,1,4,no idea,1,I answered yes,
2024-04-10 00:20:41,2024-04-10 00:39:22,1121,2024-04-10 00:39:23,cmczaxy4,613153aec614f7628f85a872,3,4,3,4,3,4,2,4,3,4,4,3,4,3,4,5,2,4,1,2,4,4,4,4,2,4,4,2,3,3,2,3,3,2,4,4,3,5,3,2,4,3,4,3,4,2,4,2,3,4,2,2,3,2,3,5,3,5,3,2,3,3,2,4,4,4,4,4,4,4,4,3,3,4,3,4,4,4,3,4,2,2,4,2,4,2,2,3,2,4,2,4,3,3,2,4,4,3,3,4,1,1,,2,34,1,,1,4,1,,1,4,Memory task and understanding and also how i see the world,1,answered yes ,
2024-04-10 00:23:44,2024-04-10 00:39:32,947,2024-04-10 00:39:32,5ay3wop8,60fc697f8b63cd2dbaeec6cd,1,2,1,4,4,3,1,2,2,1,5,4,1,1,1,4,1,4,1,1,4,3,5,4,1,1,4,1,1,1,1,1,1,1,4,4,2,5,5,1,5,4,3,5,3,1,4,5,5,5,5,3,5,2,5,5,3,5,5,5,5,5,5,5,5,4,5,5,3,3,5,5,5,3,5,5,5,5,4,5,5,5,5,3,5,1,1,1,4,1,5,5,1,5,1,5,1,4,5,5,1,3,,2,41,1,,1,4,1,,1,4,Is it about how people think and process thoughts in their head? I'd never considered before that you could think in different ways. ,2,I was picking out the key word and seeing if the picture corresponded. ,
2024-04-10 00:13:59,2024-04-10 00:39:50,1551,2024-04-10 00:39:51,wk2y2z1h,5c2a81fd10677f0001dc57af,2,2,4,2,1,5,5,4,4,3,3,4,5,4,4,3,4,5,1,2,4,4,2,3,3,4,5,3,4,4,4,2,5,3,4,2,3,5,4,4,3,5,2,3,4,3,5,5,3,2,3,5,5,3,5,3,3,5,5,3,3,3,5,3,4,4,5,5,4,4,5,3,4,5,4,5,4,2,3,4,5,4,3,4,3,3,4,4,3,3,5,3,2,3,2,2,4,1,3,5,1,1,,2,34,2,,1,4,1,,1,2,If we see through pictures in our memory ,1,n/a,loved it thanks
2024-04-10 00:18:33,2024-04-10 00:40:26,1312,2024-04-10 00:40:26,dnq9dtqr,63d1125c54e8148f4cd30a65,2,4,3,3,4,3,1,2,2,1,4,3,1,1,3,4,4,3,1,2,4,1,2,4,2,2,4,2,1,3,4,4,4,3,5,3,1,5,1,1,2,4,4,3,4,3,5,3,3,2,3,3,3,3,3,3,2,2,3,5,5,3,3,5,5,4,5,5,5,5,5,5,1,4,4,4,4,3,4,5,4,4,4,3,4,1,1,1,1,1,2,3,2,1,4,4,3,3,3,4,1,1,,2,60,2,,1,4,1,,1,4,A survey on how many people think visually as opposed to how many are auditory,1,N/A,
2024-04-10 00:25:52,2024-04-10 00:40:54,901,2024-04-10 00:40:55,omu6yu7u,6393d8ef9d45e4b8822c877a,3,2,1,3,2,4,3,3,3,2,3,5,4,4,4,3,3,4,1,2,4,2,2,3,2,2,4,3,2,4,3,4,4,3,4,3,2,5,4,5,3,4,1,5,4,4,4,3,3,2,2,3,3,2,3,3,2,3,3,3,3,2,2,5,5,4,4,4,5,5,4,3,3,4,4,5,3,4,2,2,4,3,3,2,4,3,4,4,2,3,4,4,4,4,3,3,4,2,4,4,1,1,,2,32,1,,1,3,1,,1,4,"The study interviewed me on my thought patterns (asking whether I think visually or verbally), and tested my thought patterns with sentences and images.",1,"(I answered yes to this question, I relied on visual thought to answer the first task, therefore this question isn't relevant to me.)","This experiment helped test my memory and thought patterns, and I found it engaging and fun to complete it throughout. Thanks!"
2024-04-10 00:21:52,2024-04-10 00:41:56,1203,2024-04-10 00:41:57,v1tgnxnf,66128a69c479037f42d4ac34,3,4,2,3,1,4,3,3,3,1,5,4,1,3,3,3,1,5,1,3,5,2,1,4,1,2,4,1,3,3,1,3,4,2,5,2,2,5,3,1,3,4,3,3,4,1,4,3,2,4,5,3,5,5,3,2,2,3,3,5,5,5,5,5,5,4,5,4,4,5,3,2,3,5,4,5,4,4,3,5,4,5,5,3,5,1,1,2,1,1,1,2,4,3,3,5,4,3,3,5,1,1,,2,45,1,,1,4,1,,1,2,"When we think, day dream, reminisce etc., whether it is visual or or in words. Whether we can remember details visually well. ",1,I didn't answer No,
2024-04-10 00:11:17,2024-04-10 00:42:28,1870,2024-04-10 00:42:28,tmhj82z9,66159667b44947a0abe24519,5,5,3,5,5,5,1,4,1,1,5,3,3,5,1,5,1,4,1,1,5,2,5,5,5,5,5,4,1,5,3,4,5,5,5,5,1,5,5,1,5,4,5,1,4,5,1,3,5,3,5,5,5,3,5,5,5,5,5,3,3,3,3,5,5,5,5,5,5,5,5,5,1,4,5,4,4,5,5,5,5,5,1,5,5,5,3,5,5,4,4,5,5,5,5,1,5,5,5,1,1,1,,2,29,1,,1,4,1,,1,4,The study aims at understanding how participants visualize images or actions before they play out.,1,NIL,NA
2024-04-10 00:19:24,2024-04-10 00:42:40,1396,2024-04-10 00:42:41,vkkz2em4,60dc963e81e24696fb377f61,4,3,5,1,5,3,4,1,1,4,5,1,3,1,4,4,1,3,1,2,2,2,2,3,5,3,4,1,2,3,1,3,4,1,4,3,2,5,3,3,2,1,3,2,2,2,1,2,2,4,4,5,5,5,5,3,2,4,3,5,5,3,5,2,4,3,4,3,2,3,2,2,2,2,3,4,3,2,4,2,2,2,1,2,3,1,1,1,1,1,1,1,1,2,3,4,1,1,3,5,1,3,,2,72,2,,1,4,1,,1,2,"What goes on in your mind when you imagine certain pictures, spoken words, and how your mind reacts   ",1,my answer was yes,None
2024-04-10 00:33:37,2024-04-10 00:42:41,544,2024-04-10 00:42:42,bnsqcj6s,609ffde6ce77f26ad8157c29,1,2,4,4,4,3,2,3,4,3,4,1,1,2,4,4,2,5,1,3,2,4,2,3,4,3,4,1,4,3,1,1,4,3,3,3,3,5,3,3,4,3,2,2,3,2,4,3,3,2,2,3,2,3,2,3,3,2,3,3,2,3,2,4,4,3,4,4,4,4,5,4,4,4,4,5,4,4,4,4,3,4,3,4,4,3,3,3,1,2,4,4,2,3,1,1,1,2,4,3,1,1,,2,50,1,,1,4,1,,1,2,"Not sure, visualisation versus written word",1,I answered yes,No
2024-04-10 00:23:00,2024-04-10 00:45:01,1320,2024-04-10 00:45:02,vt7x6ab3,6393a3235edc1cd2ebfcb3db,3,4,3,3,4,4,4,3,2,3,2,2,2,3,4,2,2,5,1,2,3,2,4,4,2,4,4,4,3,4,5,4,4,2,4,3,3,5,2,4,2,3,4,3,3,4,2,3,5,3,3,2,3,2,2,3,2,2,3,3,3,2,4,4,4,4,4,4,4,4,5,3,1,4,4,4,4,4,2,4,4,1,4,4,2,2,1,1,2,1,3,3,3,2,4,5,4,4,4,5,1,6,combination of pictures and spoken words,2,45,1,,1,4,1,,1,6,thinking styles,2,I was reading the sentence out loud,
2024-04-10 00:10:30,2024-04-10 00:45:32,2101,2024-04-10 00:45:32,1ggpsz6b,590819e205fbfc000147720c,4,5,1,4,4,4,3,4,5,2,4,5,3,4,5,5,3,4,1,2,4,2,5,4,2,1,4,5,2,4,4,4,5,3,5,5,3,5,4,2,5,2,4,4,3,5,4,3,3,4,3,2,3,2,3,3,2,3,3,3,2,3,3,4,4,4,4,3,5,3,4,4,4,3,5,5,4,5,3,5,5,4,5,4,5,5,1,2,1,1,2,4,4,5,4,3,5,2,5,3,1,6,A mix of spoken words (eg. inner monologue) and pictures,2,36,2,,1,4,1,,1,4,"I'm not really sure. I imagine it is investigating the ability to quickly remember the words from the sentences and respond to the pictures and how this correlates to different styles of thinking (eg. in pictures, in spoken words, etc.) I'm not sure about what the study was about beyond that however, or what it might be hypothesizing.",1,"I answered ""Yes,"" but I'll clarify my answer here anyway. I did visualize the pictures somewhat, however I did this only very briefly since we were being asked to respond as quickly and accurately as possible; I wasn't really taking the time to form a detailed image in my head, I just rapidly imagined whatever came to me. I wouldn't say this was my primary way of remembering the objects in the sentences; I was mostly just holding them in my short term memory by imagining the sentence and verbalizing it to myself (sort of an inner monologue).",Can't think of anything else to add.
2024-04-10 00:26:13,2024-04-10 00:46:36,1223,2024-04-10 00:46:37,cf1rlq8k,645ceb25f4a54a7843743a88,3,4,3,4,3,3,4,3,4,3,4,3,3,2,4,4,4,4,1,3,4,3,5,4,3,3,2,4,3,3,4,3,2,3,4,4,3,2,2,4,4,3,1,4,4,4,2,3,2,4,3,2,4,3,3,1,3,2,3,2,2,2,3,4,4,3,4,4,4,3,3,4,3,3,3,3,4,3,4,2,3,2,4,2,3,3,4,1,3,3,4,4,2,2,3,4,3,5,3,2,1,1,,2,26,1,,2,4,2,,1,5,visualusations,1,NA,
2024-04-10 00:25:20,2024-04-10 00:46:51,1290,2024-04-10 00:46:52,v4z44c9w,65ccc8115a9e0098cfefec92,3,3,5,2,4,3,3,5,1,3,4,1,3,4,2,2,2,4,1,3,3,2,2,4,2,3,4,2,2,2,2,2,4,3,4,3,2,5,2,3,4,2,1,4,4,1,4,3,4,4,3,3,3,3,3,3,3,3,3,3,2,2,2,4,4,4,5,4,4,2,2,4,5,4,5,5,5,4,5,5,5,5,5,5,5,2,2,4,2,4,5,5,3,4,4,5,4,2,3,5,1,3,,2,26,1,,1,2,1,,1,5,"I would guess for a correlation between reaction time, imaging, and their way of thinking/memories ",1,"even though I did visualize it, that was involuntary and it wasn't the strategy I used. I just repeated the words in my head, then identified the image, and then decided if those matched the words I remembered. ",
2024-04-10 00:29:39,2024-04-10 00:50:36,1256,2024-04-10 00:50:37,bz0ahh0y,60f4696161736ffaef73b434,3,5,5,3,4,4,5,4,4,2,5,1,3,3,2,4,1,4,1,3,4,4,5,5,4,4,5,3,4,4,1,5,4,3,5,4,2,5,5,1,4,3,4,4,2,3,4,5,2,2,3,3,3,2,3,5,2,5,5,2,4,2,2,4,4,4,5,5,5,4,4,1,5,1,4,5,4,4,1,5,2,2,4,1,3,1,1,1,1,1,4,5,3,5,5,4,4,3,4,5,1,1,,2,62,2,,1,4,1,,1,5,How people think of things and whether they mentally deal more with words or pictures,1,I did visualise the sentences ,No
2024-04-10 00:37:05,2024-04-10 00:54:39,1054,2024-04-10 00:54:40,450xyw1m,5a0a0b3afe645f0001e9f296,2,1,3,2,3,3,3,3,2,3,5,3,1,3,4,3,3,5,1,3,3,2,5,4,4,4,4,3,3,4,3,3,5,2,5,3,3,5,4,3,4,2,4,4,4,2,4,5,5,5,5,2,2,2,2,1,1,1,1,2,4,1,1,5,4,3,3,3,5,3,5,3,2,3,5,5,5,4,5,5,5,1,3,5,5,3,1,1,1,1,5,3,4,5,4,3,5,4,3,3,1,3,,2,49,1,,1,4,1,,1,2,How people remember things,1,N/A,
2024-04-10 00:46:47,2024-04-10 00:55:25,518,2024-04-10 00:55:26,notnzuec,5e5b7d7b1977823677ebc5ae,1,3,3,3,5,3,3,1,2,3,4,3,5,1,5,4,3,5,1,1,3,2,1,4,3,1,5,1,4,5,3,1,1,3,4,3,1,5,3,3,2,4,2,1,2,1,5,5,3,3,3,3,5,3,5,2,2,4,4,3,3,3,2,4,4,4,3,5,4,3,5,3,3,5,4,5,5,3,4,4,3,3,5,2,3,4,1,2,1,4,4,4,1,1,1,2,1,1,4,2,1,5,,2,51,1,,2,4,1,,1,2,I am not sure,1,I answered Yes,
2024-04-10 00:15:08,2024-04-10 00:57:26,2538,2024-04-10 00:57:27,zqxespyp,661443a4ed3cdc284a852ac4,3,2,5,3,5,3,2,4,2,2,4,1,2,3,4,4,2,2,1,2,3,2,5,2,2,2,4,4,2,4,1,4,4,3,4,4,2,5,3,2,5,3,1,4,2,4,4,3,2,4,1,5,5,5,5,3,3,3,5,2,5,5,5,5,4,3,5,5,4,4,5,4,4,4,3,5,3,4,5,4,5,2,5,2,3,4,5,4,4,4,2,2,4,4,3,5,2,4,4,5,1,1,,2,39,2,,1,4,1,,1,2,I think the study was about how I visualize things.,1,"Yes, I did visualize the material given to me.",What was the study about?
2024-04-10 00:37:28,2024-04-10 00:58:26,1258,2024-04-10 00:58:26,7ky4n4ma,5693df018d93fe000dfa5733,1,3,1,1,1,4,3,2,1,3,1,1,1,2,1,5,3,4,1,2,2,3,4,4,3,3,4,2,4,2,2,1,1,3,3,2,3,5,2,3,3,2,3,1,3,1,1,2,4,4,2,4,4,2,4,5,2,4,2,2,2,4,3,4,4,2,4,3,4,3,4,2,2,2,4,2,2,2,2,3,4,2,2,1,3,2,2,3,1,2,2,1,3,2,1,2,3,3,2,4,1,5,,2,50,1,,2,4,1,,1,2,how people use their mind to remember images and memories,1,NO,
2024-04-10 00:37:54,2024-04-10 00:58:50,1256,2024-04-10 00:58:51,pjglmhyo,660eb2e15fed38effda803cf,1,4,3,2,3,2,2,3,2,5,3,3,2,2,3,4,1,4,1,5,2,3,2,4,4,2,4,1,1,3,1,1,3,5,5,3,2,1,3,3,2,3,3,4,3,1,3,2,3,2,4,2,5,5,3,3,2,4,3,4,4,4,2,3,4,4,5,5,4,3,4,3,3,5,5,3,4,3,1,3,2,4,4,3,3,2,1,1,1,1,4,4,2,2,1,4,4,3,3,4,1,5,,2,43,2,,1,4,1,,1,2,I struggled with the first part of the study because i maybe was thinking to literal.  ,1,I didnt answer no,
2024-04-10 00:14:16,2024-04-10 00:59:42,2725,2024-04-10 00:59:43,zplbf8cc,5edf8803c008532459792282,2,4,4,1,3,2,2,1,3,3,3,2,1,2,3,2,2,3,1,2,2,4,4,4,4,3,2,1,3,1,1,3,3,2,3,3,2,5,3,2,2,2,3,3,2,1,2,2,2,4,4,2,2,2,2,2,2,4,2,2,2,2,2,2,3,2,3,3,2,3,2,2,3,2,2,2,2,3,3,3,3,4,4,3,3,3,1,2,1,1,2,2,3,4,3,4,3,4,3,4,1,3,,2,39,2,,1,4,1,,1,4,I think the study attempted to categorize our thinking such or verbal or image based and test how different types of thinking performed at the first task. Maybe trying to find out if one type of thinker is faster and more accurate at remembering information than another.,2,"I don't think I visualized the objects, I think I just attempted to remember each object perhaps verbally in my mind and the when I saw the object in the trial I quickly made the connection and responded.",
2024-04-10 00:31:13,2024-04-10 01:00:36,1763,2024-04-10 01:00:37,jxojhko0,5b81c0bc35c967000197117f,3,5,2,5,1,5,2,4,5,2,5,5,5,4,5,5,5,3,1,5,5,5,1,4,1,1,5,3,3,5,3,4,5,5,5,5,3,5,4,2,5,4,4,4,5,2,5,5,5,3,5,5,5,3,5,5,3,5,5,2,3,5,3,3,5,5,5,4,4,5,5,4,3,4,4,5,5,5,4,4,4,3,5,3,5,3,2,4,3,4,2,3,4,5,4,2,4,2,4,3,1,1,,2,45,1,,1,4,1,,1,5,How we process visual stimuli,1,I answered yes,
2024-04-10 00:56:24,2024-04-10 01:06:45,621,2024-04-10 01:06:46,wqxds1jm,6601992460403c654f125804,1,3,4,2,3,5,2,5,5,2,5,1,1,1,2,5,2,5,1,1,4,5,2,4,4,2,5,3,4,3,2,4,4,4,5,5,2,5,5,2,5,4,4,4,2,2,5,5,5,3,5,2,4,2,3,3,4,2,5,5,3,3,5,4,4,4,4,5,2,4,4,5,2,5,5,5,5,5,5,5,2,5,5,5,5,4,1,2,1,1,5,5,2,4,1,5,4,5,5,5,1,3,,2,40,2,,1,4,1,,1,4,"This was very interesting, I really enjoyed the questions and taking part.",1,I was using this strategy,Excellent questions
2024-04-10 00:22:20,2024-04-10 01:08:42,2781,2024-04-10 01:08:42,yp4h5eqd,5db5fa693d2b8e01654d351c,3,5,2,4,3,4,3,1,3,4,3,5,3,2,4,4,3,3,1,4,3,3,2,4,3,4,3,2,1,1,2,4,5,3,4,2,3,5,4,3,1,3,4,3,4,3,5,2,2,5,2,3,5,3,5,3,2,3,2,2,2,2,2,5,5,3,4,3,3,4,4,3,3,5,3,3,4,3,3,5,3,4,5,4,5,3,1,3,2,3,3,2,4,2,3,5,4,3,4,2,1,5,,2,24,4,,1,4,1,,1,2,Cognitive ability to differentiate mental and visual memories.,1,n/a,
2024-04-10 00:56:35,2024-04-10 01:08:52,737,2024-04-10 01:08:53,971xxb87,660a830b973e6589d8d34b9f,2,2,3,4,5,3,3,3,3,3,4,4,4,3,4,4,4,5,1,3,3,4,3,4,3,4,3,4,3,4,4,3,5,3,4,3,4,5,3,4,3,4,3,3,4,4,3,3,4,3,2,2,2,3,3,3,2,2,3,4,1,4,2,4,3,3,4,4,4,2,3,2,3,4,4,3,3,4,3,3,3,4,2,4,3,4,4,4,4,5,3,4,5,4,4,5,2,4,2,3,2,1,,2,28,2,,1,2,1,,1,4,"it was good, but i made a mistake i used my wife's prolific ID instead on mine",1,I answered yes,None
2024-04-10 01:41:48,2024-04-10 01:57:09,920,2024-04-10 01:57:10,7krqj6wn,5bcc98d1db645700015222b5,5,5,3,4,4,3,4,4,4,4,5,3,3,5,2,5,3,5,1,1,4,2,1,4,2,1,3,5,1,4,5,5,5,4,4,4,2,5,5,4,5,4,3,5,4,4,5,3,3,2,3,3,3,3,3,3,5,3,2,5,3,3,3,5,5,4,5,5,5,5,5,4,5,5,4,3,5,4,4,3,3,3,5,3,4,2,1,1,1,2,2,5,5,5,5,5,5,5,5,5,1,1,,2,56,2,,1,4,1,,1,4,Whether memory in a particular individual is influenced by the left or right side of the brain..?,1,N/A,"Typos ""Lightning"", not ""Lightening"", ""Were"" not ""Where"""
2024-04-10 02:10:21,2024-04-10 02:24:48,867,2024-04-10 02:24:49,m9p4429p,5d8b66f5d189bd001a378273,1,4,4,1,4,4,3,1,4,4,5,1,2,5,4,2,2,5,1,5,4,5,4,5,1,4,5,1,2,4,2,2,5,1,5,1,3,5,2,3,2,3,3,5,3,2,5,3,3,2,2,3,5,3,5,5,3,5,5,3,3,3,2,5,4,3,4,5,3,4,5,5,2,5,5,5,5,5,3,5,1,5,5,5,5,5,5,5,5,2,1,5,5,5,2,5,5,5,3,5,1,6,In pictures and spoken words,2,46,1,,1,4,1,,1,2,I don't know,1,It's hard to explain I just knew if the image was part of the previous sentence,
2024-04-10 02:12:26,2024-04-10 02:29:08,1001,2024-04-10 02:29:08,6mk47byq,6127f0663a7eb20ac747eb99,3,4,5,5,5,4,1,1,2,4,5,1,5,2,5,5,2,5,1,5,5,5,2,3,2,4,5,3,4,4,4,2,4,4,5,5,4,5,5,5,5,4,2,2,5,5,5,3,3,4,2,2,3,5,5,5,3,5,5,3,3,3,2,4,3,5,3,4,5,5,5,4,2,4,5,4,5,4,5,4,4,5,3,2,4,2,3,4,3,4,4,4,1,3,2,1,3,4,5,4,1,1,,2,33,2,,1,4,1,,1,5,How people think and how their thoughts are processed,1,My answer is yes,
2024-04-10 02:06:46,2024-04-10 02:43:50,2224,2024-04-10 02:43:51,lr0emfyy,63d3fa1fc1384af994ef6bba,1,5,4,3,3,3,2,4,4,2,4,1,2,1,4,3,2,3,1,4,2,4,2,2,3,1,3,2,1,3,4,3,3,1,3,3,4,5,3,2,3,3,5,2,2,3,1,3,3,2,3,2,4,3,4,3,5,3,2,2,5,5,4,2,3,3,4,3,3,3,4,2,1,3,2,1,1,4,4,2,4,1,5,1,4,1,1,2,1,3,1,4,1,3,3,1,2,3,2,3,1,1,,2,23,1,,1,4,1,,1,2,I thought this study was good to take part in and very informative and was very interactive ,1,n/a,
2024-04-10 00:32:46,2024-04-10 01:00:51,1684,2024-04-10 07:19:18,oy2smn2y,6604f9e9c66078635d381494,4,5,2,3,2,5,3,3,1,1,5,4,4,5,3,5,2,5,1,2,5,3,1,5,3,1,4,2,1,5,3,4,5,4,5,3,1,5,4,1,3,3,2,5,3,2,3,3,5,2,3,5,5,5,5,5,3,5,5,5,5,5,3,5,5,5,5,4,5,2,5,5,2,5,3,3,4,4,3,3,2,5,4,2,4,3,2,4,1,1,3,3,5,5,4,2,5,5,4,5,1,6,I think using all of the above. It just depends on the situation.,2,23,1,,1,4,3,I am legally blind in my left eye.,1,2,This study was about what type of way people think using their mental imagery.,1,Answered Yes,It was a pretty interesting survey. I enjoyed it and feel like I learnt some information about myself thanks to this study.
2024-04-10 00:54:08,2024-04-10 01:59:31,3922,2024-04-10 07:19:18,r0yjke5,5fdb332eb34a6f617f8dba58,2,2,5,3,1,5,5,5,5,5,5,2,1,3,5,2,5,5,1,1,4,5,5,5,1,1,5,5,3,5,5,2,5,5,5,5,3,5,4,4,2,5,1,3,5,2,5,5,3,5,2,5,5,5,5,5,3,4,5,2,4,5,5,5,5,5,5,5,5,5,5,5,1,5,5,5,5,5,4,5,5,5,1,5,5,5,5,5,5,3,5,5,5,5,3,5,1,5,3,4,3,4,,2,51,1,,1,2,1,,1,2,i enjoyed it.,1,I was using pictures in my head,no
2024-04-10 00:29:05,2024-04-10 00:40:15,670,2024-04-10 07:19:20,56rra0pc,62b0578ba025983393cd034d,1,1,5,1,5,3,1,1,1,3,3,1,1,1,5,3,1,1,1,5,1,2,2,1,3,3,3,1,2,2,1,1,3,2,3,1,3,5,2,1,2,1,1,4,3,2,2,5,4,1,4,5,5,5,5,2,4,3,3,2,5,5,5,1,3,2,5,3,2,3,1,1,2,3,1,3,1,4,1,4,1,3,5,1,1,1,1,1,1,1,4,1,1,1,1,1,5,2,3,3,1,1,,2,35,2,,1,4,2,,1,2,"it was good
",1,na,no
2024-04-10 00:19:09,2024-04-10 00:35:09,959,2024-04-10 07:19:25,qg5da6jx,5fd763c986c8250530939ce2,1,4,1,3,2,3,1,1,5,2,2,5,1,1,4,3,1,3,1,3,3,3,1,4,1,4,4,1,2,3,1,2,2,1,3,2,2,5,5,1,1,1,4,4,2,1,5,1,1,4,3,2,2,2,3,4,4,4,2,4,2,2,2,5,5,3,5,5,4,5,3,5,4,2,3,5,3,4,4,4,3,2,5,5,2,3,4,4,3,5,2,3,3,1,3,5,3,1,5,3,1,1,,2,49,1,,1,4,1,,1,4,mathematical minds over creative minds,1,na,no
2024-04-10 00:29:47,2024-04-10 00:51:34,1306,2024-04-10 07:19:25,n46r6sk3,5c82a5b5c2ceec0017199b48,4,4,3,4,2,5,3,2,4,2,5,3,4,5,3,4,2,5,1,3,5,2,2,5,2,1,5,4,2,4,5,1,4,5,5,4,3,1,5,3,5,4,3,5,5,3,4,3,3,5,5,3,3,5,5,5,5,5,5,5,5,3,3,5,5,5,5,4,5,5,5,4,2,3,5,4,3,5,4,4,4,5,4,2,3,2,2,3,2,2,3,4,5,4,5,5,5,2,4,4,1,1,,2,40,2,,1,4,1,,1,4,Visual memory (Hyperphantasia/Aphantasia),1,n/a,
2024-04-10 00:19:01,2024-04-10 04:31:36,15154,2024-04-10 07:19:28,msrjq1p2,5cf6ee10d5478e0001da72bd,2,5,4,4,5,5,3,2,5,2,5,1,5,3,4,4,2,3,1,1,4,3,4,3,2,4,5,3,2,5,,,,,,,,,,,,,,,,,,,,,,,,,,,,,,,,,,,,,,,,,,,,,,,,,,,,,,,,,,,,,,,,,,,,,,,,,,,,,,,,,,,,,,,
2024-04-10 00:20:35,2024-04-10 00:35:42,907,2024-04-10 07:19:28,vfy7sodq,5eb2695f1745801c7c919e35,3,5,1,5,3,4,1,1,5,2,5,5,1,2,2,4,1,2,1,2,2,5,5,4,4,4,2,1,5,3,1,4,1,1,4,4,4,5,3,2,4,2,5,2,1,1,5,3,3,4,3,3,3,3,3,3,3,3,3,3,3,3,3,4,4,3,4,4,2,4,3,2,2,1,5,5,5,3,2,5,5,4,3,5,4,3,1,1,1,1,5,5,1,5,2,5,1,1,5,5,1,3,,2,67,1,,1,4,1,,1,2,ou ability to visualise or verbalise,1,na,
2024-04-10 00:20:11,2024-04-10 00:31:46,694,2024-04-10 07:19:29,37snhg9y,641358ee19caf161f0515570,4,4,5,4,4,4,4,2,3,3,5,1,2,4,4,4,2,4,1,4,4,5,5,2,4,2,4,3,2,3,3,4,4,1,4,4,4,5,4,2,5,1,4,4,3,2,1,3,3,2,5,5,5,3,3,5,5,5,3,5,5,5,5,3,5,4,5,3,2,4,5,1,4,1,2,2,3,1,3,1,1,1,3,1,3,1,1,2,1,1,1,4,4,4,4,5,4,4,5,4,1,1,,2,24,2,,1,4,1,,1,4,How self reported visual thinkers perform in a task and answer certain questions.,1,Didn't answer no,
2024-04-10 00:18:21,2024-04-10 00:51:06,1965,2024-04-10 07:19:33,rblnd5cw,62cd6e8d0e466d05a4ca5dc4,1,4,3,4,2,4,1,3,2,1,5,4,1,2,5,4,1,4,1,4,5,1,1,5,1,1,5,1,1,4,1,1,5,5,4,4,1,5,3,1,3,2,3,2,4,1,4,2,4,4,4,4,2,2,2,2,2,2,2,2,4,4,4,5,4,4,5,5,5,5,5,5,1,5,5,5,5,5,5,5,5,5,5,5,5,5,3,2,5,4,5,4,1,4,1,5,1,5,4,5,1,1,,2,34,1,,1,4,1,,1,4,tallying the percentage of people who are either visual thinkers or written thinkers,1,n/a,
2024-04-10 00:18:00,2024-04-10 00:48:18,1818,2024-04-10 07:19:39,vwhfsxk5,660c39e2e11bac04f2303c65,4,5,3,4,2,4,2,4,5,2,5,3,5,1,3,5,3,3,1,4,4,5,5,4,2,4,5,4,4,5,1,1,3,4,5,5,4,5,4,3,4,3,4,3,4,2,2,3,3,2,2,5,5,5,2,3,3,2,5,3,3,2,5,4,5,5,4,5,4,4,4,4,2,5,4,4,5,4,4,3,4,4,5,4,4,4,5,5,4,4,4,5,2,5,5,1,2,2,4,5,1,1,,2,37,2,,1,4,1,,1,4,the study was about my way of thinking and my ability to accurately match words to pictures,1,none,
2024-04-10 00:17:01,2024-04-10 00:21:52,291,2024-04-10 07:19:41,16ek6rge,6148e81feaddb84e629bd78f,3,2,3,2,3,4,4,3,2,3,4,4,2,4,3,4,4,3,4,4,3,2,3,4,3,3,4,4,3,4,4,3,4,4,4,3,4,3,4,4,3,4,3,2,4,3,4,4,2,3,3,3,2,2,5,3,2,3,2,3,2,2,2,4,4,3,4,3,3,4,3,3,4,4,4,4,4,4,4,4,4,3,3,3,3,3,3,3,4,4,4,3,4,3,4,5,3,4,4,4,4,1,,2,41,1,,1,4,1,,1,4,Memory and how you understand,1,I answered yes,
2024-04-10 00:15:02,2024-04-10 00:31:23,980,2024-04-10 07:19:43,n23n5ehq,645bee4a288a06ce3029b198,4,3,5,3,4,4,4,3,3,3,3,2,2,2,2,3,3,3,1,2,2,3,3,4,2,2,3,4,3,3,4,3,4,4,3,3,3,5,4,3,3,3,2,3,3,3,2,1,4,4,2,2,2,2,2,2,4,4,4,2,2,2,2,3,2,3,4,3,2,3,3,4,2,3,2,4,4,4,3,3,4,3,2,3,4,3,2,3,1,2,3,2,4,3,3,3,4,3,3,4,1,5,,2,56,2,,1,4,1,,1,4,I don't know,2,I remembered the words and looked for a match,
2024-04-10 00:12:17,2024-04-10 00:23:36,679,2024-04-10 07:19:46,a9zzpv0h,60fd09b6b92acc8fd7c95f18,2,4,4,3,4,4,4,1,4,2,5,1,2,2,5,3,3,2,1,3,4,5,2,3,3,2,4,2,3,2,1,1,3,3,2,3,1,5,3,3,2,1,3,2,4,3,1,3,2,4,5,3,3,5,3,4,4,4,2,3,2,2,2,4,4,3,4,5,3,4,5,4,2,3,4,4,5,4,3,4,4,1,5,3,4,3,2,2,1,2,4,4,1,2,2,2,5,3,2,3,1,1,,2,43,1,,1,4,1,,1,4,visualising things and how i see certain situations and how i may visualise sentences,1,i answered yes,no
2024-04-10 00:11:20,2024-04-10 00:24:52,811,2024-04-10 07:19:48,6savsro6,6606c9df5ec3096c96b16d5e,2,4,3,3,1,4,2,1,3,2,5,3,1,3,5,3,2,4,1,5,4,5,3,4,2,2,4,3,2,2,1,2,4,2,3,3,2,5,4,2,4,4,2,3,2,2,5,3,3,3,5,3,5,5,5,5,3,5,2,3,3,3,3,4,5,4,4,5,5,4,4,4,2,4,4,4,4,4,3,4,4,2,5,4,3,3,4,5,3,4,3,5,3,4,3,4,3,4,4,5,1,1,,2,25,1,,1,4,1,,2,4,"I think it was about the way the brain retains information and comprehend information, whether it's via pictures or more concrete in words",1,I answered Yes,
2024-04-10 00:09:39,2024-04-10 00:28:46,1146,2024-04-10 07:19:49,5xt1rwdh,5ac0fd805cd1050001620d02,2,1,5,2,5,1,2,1,2,3,1,1,1,1,2,2,1,1,1,5,1,5,5,1,5,2,1,1,4,1,3,5,2,1,1,2,1,5,4,3,4,1,3,1,1,1,1,4,1,1,1,4,4,4,4,4,1,4,4,4,4,4,4,1,1,1,2,1,1,1,1,2,2,1,2,2,3,1,1,1,2,1,5,1,4,1,1,1,1,1,1,1,1,3,4,4,1,1,4,3,1,5,,2,36,1,,1,4,1,,1,5,"Internal monologues, ability to visualise and how this impacts upon being able to place pictures in a context.",1,N/A,
2024-04-10 00:05:18,2024-04-10 00:14:25,547,2024-04-10 07:19:53,bfaj0t5m,5dc4e238470f62391382d5af,3,5,3,3,3,4,4,3,3,2,3,3,2,3,3,4,2,3,1,3,3,3,3,4,3,1,3,2,2,2,2,5,4,3,3,4,3,5,3,2,3,1,1,5,4,2,3,3,3,4,2,3,3,3,3,3,3,3,3,3,5,3,3,5,5,4,4,4,4,3,3,3,3,4,5,5,5,3,5,5,5,5,1,5,5,3,1,4,2,3,4,5,5,5,5,5,5,5,4,5,1,3,,2,28,2,,1,2,1,,1,4,"honestly limited idea, 

about how people ""imagine"" or ""think"", visually or verbally or in writing and under what circumstances.",1,na,na
2024-04-10 00:02:59,2024-04-10 00:19:59,1019,2024-04-10 07:19:56,3gvbrart,605341bbe6363ca8f11a0caf,1,4,2,3,3,4,1,5,4,1,3,4,1,1,4,4,1,1,1,2,3,5,1,3,3,1,5,3,4,1,1,1,1,4,3,5,1,5,5,3,5,3,4,1,3,1,5,4,2,2,3,2,3,2,3,3,2,3,3,1,2,3,4,5,2,4,5,4,5,3,1,4,4,3,4,5,3,5,4,5,4,3,5,4,4,4,1,3,1,4,3,5,1,4,1,4,1,1,5,2,1,3,,2,38,1,,1,4,3,stigmatism,1,4,ability to think of objects and space and then move them in thoughts and how that relates to geometry skills,1,i answered yes,would love the results! found it interesting! i suspect I have ADHD but not diagnosed so didn't select it
2024-04-09 23:46:54,2024-04-10 00:09:07,1332,2024-04-10 07:20:00,hnvp0qk0,65c641b902d1da7eeb441799,2,3,2,3,2,2,2,3,1,4,4,5,2,3,2,4,4,4,1,2,3,5,1,5,4,4,4,1,2,3,5,3,5,2,4,3,1,5,3,3,2,3,3,5,3,3,4,2,2,4,2,3,3,2,3,3,2,3,4,4,2,2,2,4,3,3,5,4,5,2,4,4,4,2,2,2,4,4,4,4,3,5,5,3,4,2,1,3,1,3,2,4,4,2,3,4,4,2,3,4,1,1,,2,18,1,,1,4,1,,1,2,"How people think? How most people think in their mind. (Note: sorry I made some mistakes on the picture matching, I was trying not to take too long on each picture because it said it would mark how long I took) ",1,I answered yes,"I wasn't sure if there would be another chance to mention, but in my note in the other question, sorry for getting some wrong, like the tomato and the first few because I didn't realize that it was just the first thing that I would see, (like a coat in a closet I would assume includes the closet). I was a little confused so sorry again."
2024-04-09 23:53:43,2024-04-10 00:02:29,525,2024-04-10 07:20:05,o1h2u8mj,5d5455ee69f96b00164f77c7,3,5,1,3,4,3,3,2,5,3,4,5,1,2,5,4,3,4,1,4,3,5,4,3,2,3,3,1,3,4,1,4,2,2,3,4,3,5,5,3,4,4,4,3,3,2,1,2,2,4,2,2,4,2,2,4,4,2,2,4,4,4,2,4,4,3,3,3,4,3,4,4,2,2,3,4,4,4,3,3,3,3,3,3,4,2,1,3,1,4,3,2,2,1,4,4,2,1,3,1,1,3,,2,39,1,,1,4,1,,1,5,i have no idea!,2,I was remembering the key words/ hearing them in my head.,no